ID	Directory	CreatedAt	UpdatedAt	Title	Creator	WordsCount	UniqueWordsCount	A1Words	A2Words	B1Words	B2Words	C1Words	C2Words	A1Readability	A2Readability	B1Readability	B2Readability	C1Readability	C2Readability
1a6c70b7	a-a-milne/the-red-house-mystery	2022-10-04	2022-10-10	The Red House Mystery	A. A. Milne	28400	2992	479	395	584	630	486	295	63	77	86	94	98	100
34fa425a	a-a-milne/winnie-the-pooh	2022-10-04	2022-10-10	Winnie-the-Pooh	A. A. Milne	10266	1280	377	229	223	195	150	74	64	74	81	89	97	100
55bf5fc1	a-merritt/the-moon-pool	2022-10-04	2022-10-10	The Moon Pool	A. Merritt	48922	5868	485	444	759	1100	1274	1035	49	62	73	85	93	98
5f212cb7	abioseh-nicol/the-truly-married-woman	2022-10-04	2022-10-10	The Truly Married Woman	Abioseh Nicol	1533	663	301	106	119	76	32	21	63	75	89	96	98	100
f79658a	adam-grant/originals	2022-10-04	2022-10-10	Originals	Adam Grant	12194	1636	417	243	294	250	185	132	55	66	79	88	93	97
130dffbb	adam-smith/the-wealth-of-nations	2022-10-04	2022-10-10	The Wealth of Nations	Adam Smith	212120	6976	480	430	792	1197	1547	1565	41	55	73	87	95	99
3d1b1070	adrienne-m-frater/leonard	2022-10-04	2022-10-10	Leonard	Adrienne M. Frater	359	208	124	32	18	20	8	3	57	71	78	88	99	100
184171fd	aesop/fables	2022-10-04	2022-10-10	Fables	Aesop	18191	3213	473	402	614	711	564	348	53	64	76	89	96	100
10652508	agatha-christie/4-50-from-paddington	2022-10-04	2022-10-10	4:50 from Paddington	Agatha Christie	11810	1582	449	295	324	271	136	81	66	78	87	95	98	100
62e32735	agatha-christie/a-pocket-full-of-rye	2022-10-04	2022-10-10	A Pocket Full of Rye	Agatha Christie	11913	1657	448	278	333	285	180	80	65	75	86	93	97	100
c0da8e9c	agatha-christie/after-the-funeral	2022-10-04	2022-10-10	After the Funeral	Agatha Christie	11303	1671	444	288	346	307	169	73	65	78	86	94	97	100
791528a7	agatha-christie/cat-among-the-pigeons	2022-10-04	2022-10-10	Cat Among the Pigeons	Agatha Christie	11365	1431	433	264	286	236	130	50	65	77	85	93	97	98
4638406b	agatha-christie/death-in-the-clouds	2022-10-04	2022-10-10	Death in the Clouds	Agatha Christie	11074	1770	443	296	363	328	191	100	58	71	83	91	96	100
65403c58	agatha-christie/n-or-m	2022-10-04	2022-10-10	N or M?	Agatha Christie	11397	2044	468	336	424	378	256	114	63	75	84	92	98	99
e7ff4fca	agatha-christie/poirot-investigates	2022-10-04	2022-10-10	Poirot Investigates	Agatha Christie	25104	4232	491	446	758	961	750	562	53	66	79	89	95	99
d3a03b81	agatha-christie/sparkling-cyanide	2022-10-04	2022-10-10	Sparkling Cyanide	Agatha Christie	12389	1919	466	306	411	359	213	118	59	73	83	91	96	99
790b97f5	agatha-christie/the-abc-murders	2022-10-04	2022-10-10	The Abc Murders	Agatha Christie	11613	1403	437	265	290	214	97	67	67	80	90	95	98	99
f33cd233	agatha-christie/the-man-in-the-brown-suit	2022-10-04	2022-10-10	The Man in the Brown Suit	Agatha Christie	35327	4974	492	462	811	1084	1042	743	57	69	81	90	95	99
5b48e76b	agatha-christie/the-murder-of-roger-ackroyd	2022-10-04	2022-10-10	The Murder of Roger Ackroyd	Agatha Christie	32950	4104	490	438	703	860	783	583	61	72	82	90	96	99
77d7faad	agatha-christie/the-murder-on-the-links	2022-10-04	2022-10-10	The Murder on the Links	Agatha Christie	28937	4299	487	441	758	913	829	631	55	69	81	90	96	99
9b046451	agatha-christie/the-mysterious-affair-at-styles	2022-10-04	2022-10-10	The Mysterious Affair at Styles	Agatha Christie	26348	3934	485	427	685	844	735	563	56	69	80	88	95	99
66361034	agatha-christie/the-secret-adversary	2022-10-04	2022-10-10	The Secret Adversary	Agatha Christie	36704	4915	492	468	803	1066	1026	749	57	69	80	89	96	99
a917c5d7	agatha-christie/they-came-to-baghdad	2022-10-04	2022-10-10	They Came to Baghdad	Agatha Christie	12808	2023	474	331	423	359	241	117	59	70	81	88	96	98
3a2e0788	agatha-christie/why-didn-t-they-ask-evans	2022-10-04	2022-10-10	Why Didn't They Ask Evans	Agatha Christie	11228	1844	462	322	390	337	191	97	63	74	84	91	97	99
f41e8132	alain-ren-lesage/gil-blas	2022-10-04	2022-10-10	Gil Blas	Alain-René Lesage	145504	10468	495	484	943	1673	2480	2759	48	61	74	85	93	98
2f2c6777	alan-c-mclean/martin-luther-king	2022-10-04	2022-10-10	Martin Luther King	Alan C. Mclean	5220	853	338	139	121	96	70	42	59	72	85	91	95	98
9c20ee2	alan-maley/the-best-of-times	2022-10-04	2022-10-10	The Best of times	Alan Maley	14040	1978	455	307	378	360	244	116	65	76	84	91	97	99
fefa4c8c	alan-sullivan/the-jade-god	2022-10-04	2022-10-10	The Jade God	Alan Sullivan	34629	3962	486	437	689	848	734	527	60	72	83	90	97	100
6a29213e	aldous-huxley/antic-hay	2022-10-04	2022-10-10	Antic Hay	Aldous Huxley	44092	6809	493	476	863	1256	1453	1293	53	65	75	85	92	97
971bd30d	aldous-huxley/crome-yellow	2022-10-04	2022-10-10	Crome Yellow	Aldous Huxley	29195	5776	490	465	815	1148	1264	972	50	62	74	84	93	98
cc321437	aldous-huxley/those-barren-leaves	2022-10-04	2022-10-10	Those Barren Leaves	Aldous Huxley	61505	8265	496	489	906	1481	1839	1742	52	64	75	85	92	98
7f4cb5da	aleksandr-kuprin/short-fiction	2022-10-04	2022-10-10	Short Fiction	Aleksandr Kuprin	140042	10668	496	492	976	1782	2674	2686	52	65	76	87	95	99
49ac94d9	aleksandr-kuprin/the-duel	2022-10-04	2022-10-10	The Duel	Aleksandr Kuprin	46282	6527	496	474	876	1323	1550	1228	49	63	76	87	95	99
39097e41	aleksandr-kuprin/yama	2022-10-04	2022-10-10	Yama	Aleksandr Kuprin	63959	8063	496	483	899	1430	1857	1686	52	63	74	84	92	98
9f2e39e1	alex-mc-gilvery/tales-of-light-and-dark	2022-10-04	2022-10-10	Tales of Light and Dark	Alex McGilvery	8364	2008	438	291	375	398	277	155	56	69	81	90	96	99
e91c739d	alex-raynham/future-energy	2022-10-04	2022-10-10	Future Energy	Alex Raynham	5810	889	298	136	132	100	77	68	52	65	77	85	92	97
67c19f90	alexander-hamilton/the-federalist-papers	2022-10-04	2022-10-10	The Federalist Papers	Alexander Hamilton	94264	5985	440	374	701	1041	1313	1369	38	51	67	82	93	99
f544c220	alexander-mackenzie/journals	2022-10-04	2022-10-10	Journals	Alexander Mackenzie	58356	4482	470	419	708	965	928	714	49	64	79	89	96	100
5fca3ca9	alexander-pushkin/eugene-onegin	2022-10-04	2022-10-10	Eugene Onegin	Alexander Pushkin	20933	5335	490	441	763	1096	1208	929	37	50	65	80	91	98
312c0155	alexander-smith/the-no1-ladies-detective-agency	2022-10-04	2022-10-10	The No1 Ladies Detective Agency	Alexander Smith	6093	864	371	169	158	96	39	15	70	81	91	97	99	100
c46205ef	alexandre-dumas/the-black-tulip	2022-10-04	2022-10-10	The Black Tulip	Alexandre Dumas	33565	4600	493	461	799	1019	1017	614	54	66	77	87	96	99
b8b6363b	alexandre-dumas/the-count-of-monte-cristo	2022-10-04	2022-10-10	The Count of Monte Cristo	Alexandre Dumas	5717	794	385	167	131	62	24	18	72	85	92	95	96	97
a9aa2562	alexandre-dumas/the-three-musketeers	2022-10-04	2022-10-10	The Three Musketeers	Alexandre Dumas	103840	6844	496	482	915	1443	1662	1318	54	69	80	90	97	100
db9c1f4a	alexandre-dumas/the-vicomte-de-bragelonne	2022-10-04	2022-10-10	The Vicomte de Bragelonne	Alexandre Dumas	325956	11124	496	489	967	1779	2785	3023	53	67	80	90	97	100
27237458	alexandre-dumas/twenty-years-after	2022-10-04	2022-10-10	Twenty Years After	Alexandre Dumas	110756	7298	495	488	931	1532	1838	1463	55	70	82	91	97	100
c723ba55	alfred-burrage/smee	2022-10-04	2022-10-10	Smee	Alfred Burrage	1522	516	268	94	77	56	12	7	65	80	90	98	100	100
c289d250	alfred-burrage/the-waxwork	2022-10-04	2022-10-10	The Waxwork	Alfred Burrage	1413	379	231	59	40	20	10	13	81	89	95	97	98	99
4a98894c	alfred-lord-tennyson/idylls-of-the-king	2022-10-04	2022-10-10	Idylls of the King	Alfred, Lord Tennyson	41970	4466	466	384	576	841	984	763	52	65	76	86	94	99
a9f41c13	algis-budrys/short-fiction	2022-10-04	2022-10-10	Short Fiction	Algis Budrys	23203	4517	483	416	695	899	863	644	52	63	73	84	91	97
ca6df5ba	alison-baxter/the-usa	2022-10-04	2022-10-10	The USA	Alison Baxter	5402	1223	342	189	163	158	118	123	50	64	77	86	92	97
ca99c6f6	allsworth-anne/the-thames-murderer	2022-10-04	2022-10-10	The Thames Murderer	Allsworth Anne	6324	1453	413	203	271	227	185	104	57	68	81	89	96	99
c04741a7	ama-ata-aidoo/two-sisters	2022-10-04	2022-10-10	Two Sisters	Ama Ata Aidoo	1640	584	300	83	99	52	25	18	66	76	91	95	98	100
64956c12	amanda-brown/legally-blonde	2022-10-04	2022-10-10	Legally Blonde	Amanda Brown	14065	2086	444	288	364	375	254	170	57	68	78	86	91	96
413fcf3f	amara-bavani-dev/for-a-horseshoe-nail	2022-10-04	2022-10-10	For a Horseshoe Nail	Amara Bavani Dev	355	237	133	36	33	16	11	6	60	73	84	90	95	99
18a163fd	ambrose-bierce/an-adventure-at-brownville	2022-10-04	2022-10-10	An Adventure at Brownville	Ambrose Bierce	1298	474	260	81	63	48	15	5	69	84	92	97	99	100
e19865ec	ambrose-bierce/beyond-the-wall	2022-10-04	2022-10-10	Beyond the Wall	Ambrose Bierce	1307	468	251	87	66	46	14	3	70	82	90	98	100	100
e2e94449	ambrose-bierce/killed-at-resaca	2022-10-04	2022-10-10	Killed at Resaca	Ambrose Bierce	829	372	214	57	45	32	13	9	64	76	86	95	98	100
1beddf05	ambrose-bierce/one-of-the-missing	2022-10-04	2022-10-10	One of the Missing	Ambrose Bierce	842	332	184	55	45	32	10	5	55	69	79	89	94	100
aab3857a	ambrose-bierce/the-damned-thing	2022-10-04	2022-10-10	The Damned Thing	Ambrose Bierce	932	367	219	59	40	26	17	5	67	79	87	90	99	100
d2644bf5	ambrose-bierce/the-devil-s-dictionary	2022-10-04	2022-10-10	The Devil’s Dictionary	Ambrose Bierce	30654	7660	493	472	876	1379	1686	1604	37	48	63	76	88	96
c9990bc3	ambrose-bierce/the-man-and-the-snake	2022-10-04	2022-10-10	The Man and the Snake	Ambrose Bierce	622	409	176	66	73	53	27	6	54	68	81	92	98	99
e37db286	ambrose-bierce/the-stranger	2022-10-04	2022-10-10	The Stranger	Ambrose Bierce	665	272	157	45	35	19	9	5	61	77	87	91	95	98
eab3e9ab	ambrose-bierce/three-and-one-are-one	2022-10-04	2022-10-10	Three and One Are One	Ambrose Bierce	444	243	151	35	23	20	7	4	69	81	89	94	97	99
e9706c0a	amos-eduardo/amazon-rally	2022-10-04	2022-10-10	Amazon Rally	Amos Eduardo	702	174	101	30	10	13	11	8	59	70	76	88	94	99
9844ab18	anatole-france/penguin-island	2022-10-04	2022-10-10	Penguin Island	Anatole France	40890	6627	492	477	898	1383	1567	1199	43	56	71	84	93	98
a183b8b8	andre-norton/plague-ship	2022-10-04	2022-10-10	Plague Ship	Andre Norton	30057	4734	474	436	701	948	1028	716	47	59	71	82	93	98
b5c6c615	andre-norton/star-born	2022-10-04	2022-10-10	Star Born	Andre Norton	30181	4352	461	418	637	907	948	615	49	62	74	86	94	99
5460c5d4	andre-norton/star-hunter	2022-10-04	2022-10-10	Star Hunter	Andre Norton	17042	3277	443	370	516	650	668	408	49	62	74	84	94	99
5b03954b	andre-norton/storm-over-warlock	2022-10-04	2022-10-10	Storm Over Warlock	Andre Norton	30517	4551	461	399	674	893	1000	690	47	60	72	85	94	98
4e952db6	andre-norton/the-time-traders	2022-10-04	2022-10-10	The Time Traders	Andre Norton	31706	4519	473	429	694	914	996	640	50	62	74	87	95	99
edace60	andre-norton/voodoo-planet	2022-10-04	2022-10-10	Voodoo Planet	Andre Norton	11899	2903	448	351	500	578	517	346	47	60	72	83	92	99
624cec51	andrea-m-hutchinson/home-for-christmas	2022-10-04	2022-10-10	Home for Christmas	Andrea M. Hutchinson	2277	696	312	120	98	78	45	22	62	76	83	91	94	96
50c673b2	andrea-m-hutchinson/missing-in-sydney	2022-10-04	2022-10-10	Missing in Sydney	Andrea M. Hutchinson	2066	658	289	120	86	78	47	23	64	77	85	93	97	99
a025cf8a	andrew-matthews/freckles	2022-10-04	2022-10-10	Freckles	Andrew Matthews	1557	334	193	55	44	20	11	7	69	77	86	90	93	99
4150d785	andy-cowle/sink-or-swim	2022-10-04	2022-10-10	Sink or Swim	Andy Cowle	9779	1872	438	267	348	343	232	139	62	72	81	89	94	98
24f78769	angela-brazil/a-popular-schoolgirl	2022-10-04	2022-10-10	A Popular Schoolgirl	Angela Brazil	31836	5395	495	470	782	1147	1140	933	51	64	75	86	93	98
c3212450	anita-desai/a-devoted-son	2022-10-04	2022-10-10	A Devoted Son	Anita Desai	1307	566	265	97	95	59	36	10	67	78	89	95	99	100
e4387737	anita-loos/gentlemen-prefer-blondes	2022-10-04	2022-10-10	Gentlemen Prefer Blondes	Anita Loos	16649	1744	436	256	312	320	220	115	69	78	86	93	97	99
7abc2d30	ann-radcliffe/a-sicilian-romance	2022-10-04	2022-10-10	A Sicilian Romance	Ann Radcliffe	32599	4102	472	407	681	922	898	579	39	56	73	87	96	100
101821b7	anna-sewell/black-beauty	2022-10-04	2022-10-10	Black Beauty	Anna Sewell	7600	1054	409	204	197	135	66	30	67	80	89	96	99	100
5c4b99dc	anne-bront/agnes-grey	2022-10-04	2022-10-10	Agnes Grey	Anne Brontë	31379	4899	488	459	786	1055	1080	771	55	67	80	89	96	99
2906012e	anne-bront/the-tenant-of-wildfell-hall	2022-10-04	2022-10-10	The Tenant of Wildfell Hall	Anne Brontë	74941	7150	491	478	884	1426	1739	1551	55	67	79	89	96	99
3acf202e	anne-ranasinghe/the-stepmother	2022-10-04	2022-10-10	The Stepmother	Anne Ranasinghe	977	485	231	89	71	57	24	6	61	74	86	95	99	100
172b2d75	anne-rice/interview-with-the-vampire	2022-10-04	2022-10-10	Interview with the Vampire	Anne Rice	14214	1398	426	256	277	229	131	60	73	83	90	94	99	100
d603f5c0	anne-tyler/the-accidental-tourist	2022-10-04	2022-10-10	The Accidental Tourist	Anne Tyler	11426	1821	450	300	375	304	186	115	60	71	82	91	97	99
34790d8f	annette-keen/carnival	2022-10-04	2022-10-10	Carnival	Annette Keen	406	176	102	27	14	18	10	4	61	72	78	91	97	100
cb2dc839	anonymous/beowulf	2022-10-04	2022-10-10	Beowulf	Anonymous	14300	2828	424	304	454	561	544	369	37	51	67	81	91	98
9eb248b2	anonymous/the-nibelungenlied	2022-10-04	2022-10-10	The Nibelungenlied	Anonymous	46069	3775	474	382	572	720	753	600	52	64	77	86	94	99
eaa28b39	anthony-hope/the-prisoner-of-zenda	2022-10-04	2022-10-10	The Prisoner of Zenda	Anthony Hope	24413	3754	485	456	702	846	753	395	59	73	84	92	98	100
c232a835	anthony-trollope/barchester-towers	2022-10-04	2022-10-10	Barchester Towers	Anthony Trollope	13806	1979	467	344	451	377	209	101	62	74	87	95	99	100
30e00ff9	anthony-trollope/doctor-thorne	2022-10-04	2022-10-10	Doctor Thorne	Anthony Trollope	96584	6862	494	480	888	1370	1609	1433	62	73	84	92	97	100
85698108	anthony-trollope/framley-parsonage	2022-10-04	2022-10-10	Framley Parsonage	Anthony Trollope	90787	6610	495	480	901	1366	1539	1295	63	74	84	92	97	100
8633e70d	anthony-trollope/the-last-chronicle-of-barset	2022-10-04	2022-10-10	The Last Chronicle of Barset	Anthony Trollope	146582	7160	497	485	916	1455	1732	1439	65	75	85	93	98	100
ddb8403c	anthony-trollope/the-small-house-at-allington	2022-10-04	2022-10-10	The Small House at Allington	Anthony Trollope	112758	6514	495	485	882	1381	1565	1226	65	75	85	93	98	100
2be562c0	anthony-trollope/the-warden	2022-10-04	2022-10-10	The Warden	Anthony Trollope	33739	4971	492	457	803	1031	1045	815	54	66	79	88	95	99
ea94d63b	anthony-trollope/the-way-we-live-now	2022-10-04	2022-10-10	The Way We Live Now	Anthony Trollope	149638	7480	497	489	927	1476	1808	1575	64	75	85	92	98	100
af1d3e81	antoine-galland/ali-baba-and-the-forty-thieves	2022-10-04	2022-10-10	Ali Baba and the Forty Thieves	Antoine Galland	623	197	113	29	27	17	6	2	60	72	83	92	96	98
51fbc4d1	antoine-galland/the-tales-from-the-arabian-nights	2022-10-04	2022-10-10	The Tales from the Arabian Nights	Antoine Galland	4403	457	273	71	59	24	14	10	71	81	87	90	97	99
3a8a9d9b	antoinette-moses/age-of-dragons	2022-10-04	2022-10-10	Age of Dragons	Antoinette Moses	10721	1915	432	276	369	334	288	136	64	74	84	92	97	99
2b591846	anton-chekhov/short-fiction	2022-10-04	2022-10-10	Short Fiction	Anton Chekhov	373205	11745	496	492	968	1785	2875	3167	56	68	80	89	96	99
81996125	anton-chekhov/the-duel	2022-10-04	2022-10-10	The Duel	Anton Chekhov	18231	3608	487	421	666	772	665	423	56	68	80	89	96	99
a41e92d3	anton-chekhov/three-sisters	2022-10-04	2022-10-10	Three Sisters	Anton Chekhov	9510	1827	448	291	354	352	226	94	64	76	86	94	98	100
e3625827	anu-kumar/the-kite-maker	2022-10-04	2022-10-10	The Kite-maker	Anu Kumar	423	264	145	44	34	24	11	5	61	74	84	92	96	100
8dc07b70	anuradha-muralidharam/nimble-fingers	2022-10-04	2022-10-10	Nimble Fingers	Anuradha Muralidharam	339	195	124	24	16	20	5	4	65	78	85	93	96	99
fd20372b	apsley-cherry-garrard/the-worst-journey-in-the-world	2022-10-04	2022-10-10	The Worst Journey in the World	Apsley Cherry-Garrard	121112	7391	494	481	874	1361	1693	1479	51	64	76	87	94	99
a21f5d3b	apuleius/the-golden-ass	2022-10-04	2022-10-10	The Golden Ass	Apuleius	40130	4606	478	417	699	905	954	767	51	63	76	87	94	99
d16b268e	aristotle/nicomachean-ethics	2022-10-04	2022-10-10	Nicomachean Ethics	Aristotle	44310	3647	441	342	584	697	711	588	54	67	79	89	96	99
329ac555	arnold-bennett/riceyman-steps	2022-10-04	2022-10-10	Riceyman Steps	Arnold Bennett	45774	6265	494	470	844	1258	1386	1168	51	63	76	87	94	99
3a78ea78	arnold-bennett/stories-from-the-five-towns	2022-10-04	2022-10-10	Stories from the Five Towns	Arnold Bennett	2461	564	288	94	81	52	17	20	72	83	92	97	98	99
f25508fa	arnold-bennett/the-grand-babylon-hotel	2022-10-04	2022-10-10	The Grand Babylon Hotel	Arnold Bennett	31902	4871	490	463	803	1054	1020	709	52	65	79	88	95	99
c18ad14e	arnold-bennett/the-old-wives-tale	2022-10-04	2022-10-10	The Old Wives’ Tale	Arnold Bennett	104554	9415	495	490	948	1661	2291	2236	48	61	74	86	94	99
2622d408	arthur-clarke/dog-star	2022-10-04	2022-10-10	Dog Star	Arthur Clarke	754	473	221	77	51	57	38	19	61	74	82	90	96	99
2f65a62e	arthur-conan-doyle/a-study-in-scarlet	2022-10-04	2022-10-10	A Study in Scarlet	Arthur Conan Doyle	20314	4261	487	447	737	917	862	573	53	66	79	88	95	99
c5542df6	arthur-conan-doyle/his-last-bow	2022-10-04	2022-10-10	His Last Bow	Arthur Conan Doyle	27753	4529	493	457	771	992	944	601	54	67	80	90	96	99
449db04f	arthur-conan-doyle/sherlock-holmes-and-the-duke-s-son	2022-10-04	2022-10-10	Sherlock Holmes and the Duke's Son	Arthur Conan Doyle	2863	481	274	71	53	36	23	15	67	77	89	94	97	100
e544a0ee	arthur-conan-doyle/the-adventures-of-sherlock-holmes	2022-10-04	2022-10-10	The Adventures of Sherlock Holmes	Arthur Conan Doyle	47879	5637	496	477	863	1250	1241	914	57	69	81	90	96	99
b8e8adc0	arthur-conan-doyle/the-hound-of-the-baskervilles	2022-10-04	2022-10-10	The Hound of the Baskervilles	Arthur Conan Doyle	27020	4154	487	440	765	927	817	530	56	68	81	91	96	99
d02946ab	arthur-conan-doyle/the-lost-world	2022-10-04	2022-10-10	The Lost World	Arthur Conan Doyle	36660	5651	493	463	818	1179	1271	951	51	64	76	86	94	99
d926bb07	arthur-conan-doyle/the-medal-of-brigadier-gerard	2022-10-04	2022-10-10	The Medal of Brigadier Gerard	Arthur Conan Doyle	749	184	127	26	12	14	2	1	66	80	93	98	98	99
1c796a31	arthur-conan-doyle/the-memoirs-of-sherlock-holmes	2022-10-04	2022-10-10	The Memoirs of Sherlock Holmes	Arthur Conan Doyle	43447	5406	494	481	848	1197	1181	864	57	69	82	91	96	99
b2084899	arthur-conan-doyle/the-return-of-sherlock-holmes	2022-10-04	2022-10-10	The Return of Sherlock Holmes	Arthur Conan Doyle	51917	5725	496	469	879	1250	1298	949	56	68	81	91	96	99
586e6e60	arthur-conan-doyle/the-sign-of-the-four	2022-10-04	2022-10-10	The Sign of the Four	Arthur Conan Doyle	20124	4009	488	435	692	875	778	514	56	67	80	89	96	99
7781072	arthur-conan-doyle/the-valley-of-fear	2022-10-04	2022-10-10	The Valley of Fear	Arthur Conan Doyle	26312	4148	488	455	737	923	817	514	57	69	81	90	96	99
b1a00a9c	arthur-hailey/airport	2022-10-04	2022-10-10	Airport	Arthur Hailey	16407	1586	458	320	339	237	129	58	65	76	87	93	97	100
bb6123a9	arthur-hailey/the-final-diagnosis	2022-10-04	2022-10-10	The Final Diagnosis	Arthur Hailey	32795	3609	479	388	598	704	591	446	58	68	78	88	93	97
7608ba6c	arthur-machen/short-fiction	2022-10-04	2022-10-10	Short Fiction	Arthur Machen	49069	5793	496	483	860	1266	1345	925	60	71	82	91	97	99
f0269813	arthur-machen/the-hill-of-dreams	2022-10-04	2022-10-10	The Hill of Dreams	Arthur Machen	34284	5516	495	465	817	1148	1217	965	49	61	74	86	94	99
4818a726	arthur-machen/the-three-impostors	2022-10-04	2022-10-10	The Three Impostors	Arthur Machen	28376	5017	489	463	803	1083	1119	752	54	66	78	88	95	99
5f9abf62	arthur-w-pinero/the-second-mrs-tanqueray	2022-10-04	2022-10-10	The Second Mrs. Tanqueray	Arthur W. Pinero	10281	2171	461	337	442	407	268	197	65	77	87	93	97	100
2c4dc041	august-strindberg/the-inferno	2022-10-04	2022-10-10	The Inferno	August Strindberg	22283	4723	488	449	773	991	954	693	48	60	74	85	93	98
38dfb0f7	august-strindberg/the-red-room	2022-10-04	2022-10-10	The Red Room	August Strindberg	47461	6268	495	481	893	1347	1470	1061	52	65	77	88	95	99
1ff4239	auguste-comte/a-general-view-of-positivism	2022-10-04	2022-10-10	A General View of Positivism	Auguste Comte	66717	4605	419	330	598	788	1012	967	38	51	69	82	92	99
d62b4c53	b-smith/muhammad-ali	2022-10-04	2022-10-10	Muhammad Ali	B. Smith	1265	274	145	36	32	18	19	12	59	71	79	84	94	97
5311eca3	banjo-paterson/an-outback-marriage	2022-10-04	2022-10-10	An Outback Marriage	Banjo Paterson	33193	4717	494	463	746	997	953	718	57	69	80	88	95	99
8cb59bbb	barnaby-newbolt/climate-change	2022-10-04	2022-10-10	Climate Change	Barnaby Newbolt	4163	476	201	71	67	46	35	31	53	67	79	87	92	97
de83fb58	baroness-orczy/el-dorado	2022-10-04	2022-10-10	El Dorado	Baroness Orczy	59923	6161	491	478	840	1243	1434	1174	51	64	76	87	94	99
581faec7	baroness-orczy/i-will-repay	2022-10-04	2022-10-10	I Will Repay	Baroness Orczy	31526	4945	485	456	747	1021	1045	862	49	61	74	85	94	99
763020d5	baroness-orczy/lord-tony-s-wife	2022-10-04	2022-10-10	Lord Tony’s Wife	Baroness Orczy	43317	5770	493	467	822	1177	1235	1118	48	61	73	85	93	99
ce707bdc	baroness-orczy/pimpernel-and-rosemary	2022-10-04	2022-10-10	Pimpernel and Rosemary	Baroness Orczy	51399	5745	496	474	844	1187	1308	1002	54	67	78	87	95	99
162b4fd7	baroness-orczy/the-elusive-pimpernel	2022-10-04	2022-10-10	The Elusive Pimpernel	Baroness Orczy	41412	5737	491	470	816	1154	1307	1052	48	62	73	85	94	99
15238a14	baroness-orczy/the-first-sir-percy	2022-10-04	2022-10-10	The First Sir Percy	Baroness Orczy	43961	5821	488	457	790	1129	1317	1131	49	61	73	84	93	98
250db726	baroness-orczy/the-laughing-cavalier	2022-10-04	2022-10-10	The Laughing Cavalier	Baroness Orczy	60549	6114	489	462	837	1233	1442	1190	51	64	75	86	94	99
8739bf9e	baroness-orczy/the-league-of-the-scarlet-pimpernel	2022-10-04	2022-10-10	The League of the Scarlet Pimpernel	Baroness Orczy	36674	5058	491	460	762	1043	1081	891	50	63	75	86	94	99
846ab0dc	baroness-orczy/the-scarlet-pimpernel	2022-10-04	2022-10-10	The Scarlet Pimpernel	Baroness Orczy	42167	5267	491	463	793	1135	1181	896	51	64	76	88	95	99
dd36bc8e	baroness-orczy/the-triumph-of-the-scarlet-pimpernel	2022-10-04	2022-10-10	The Triumph of the Scarlet Pimpernel	Baroness Orczy	44322	6033	494	462	823	1177	1357	1175	48	60	73	85	93	98
6373ba7c	barry-morrow/rain-man	2022-10-04	2022-10-10	Rain Man	Barry Morrow	3490	621	308	112	85	61	25	22	68	79	87	92	95	100
165d9b94	barry-rachin/the-stockbroker-s-cleaning-woman	2022-10-04	2022-10-10	The Stockbroker’s Cleaning Woman	Barry Rachin	1852	1080	290	127	150	158	139	105	42	52	65	76	86	94
d8ec5a9e	beddall-fiona/alexander-the-great	2022-10-04	2022-10-10	Alexander the Great	Beddall Fiona	7741	1435	406	236	274	219	115	96	49	64	77	89	94	97
47358f63	ben-jonson/the-alchemist	2022-10-04	2022-10-10	The Alchemist	Ben Jonson	15165	3055	459	336	525	547	518	395	51	60	70	82	88	98
b0d6486f	benjamin-disraeli/sybil	2022-10-04	2022-10-10	Sybil	Benjamin Disraeli	75091	7711	497	487	933	1518	1931	1581	51	63	76	87	94	99
63531589	benjamin-franklin/the-autobiography-of-benjamin-franklin	2022-10-04	2022-10-10	The Autobiography of Benjamin Franklin	Benjamin Franklin	31962	4646	485	421	736	988	1017	693	50	62	76	87	95	99
283b8c5f	bernard-smith/the-last-photo	2022-10-04	2022-10-10	The Last Photo	Bernard Smith	382	143	89	20	9	15	6	1	58	69	80	87	95	97
9272f1e6	bernard-smith/the-ring	2022-10-04	2022-10-10	The Ring	Bernard Smith	6792	791	359	145	149	83	35	13	71	86	94	97	99	100
ec103737	bertrand-russell/the-problems-of-philosophy	2022-10-04	2022-10-10	The Problems of Philosophy	Bertrand Russell	20150	2209	382	269	389	391	339	284	51	66	80	89	95	99
25d2d2d5	bill-bowler/man-size-in-marble	2022-10-04	2022-10-10	Man-size in Marble	Bill Bowler	1542	573	299	103	75	57	27	7	71	82	90	97	99	100
a3ffbc14	bill-bowler/meeting-mrs-dumoise	2022-10-04	2022-10-10	Meeting Mrs Dumoise	Bill Bowler	498	288	180	38	26	25	11	4	69	79	85	92	96	98
96288fca	bill-bowler/the-ghosty-bridegroom	2022-10-04	2022-10-10	The Ghosty Bridegroom	Bill Bowler	2285	719	339	121	115	73	43	15	65	79	88	96	99	100
945ad442	bill-bowler/the-haunted-dolls-house	2022-10-04	2022-10-10	The Haunted Dolls' House	Bill Bowler	1450	524	292	81	79	47	15	8	73	82	92	98	99	100
3f00b59c	bill-gates/business-at-the-speed-of-thought	2022-10-04	2022-10-10	Business at the Speed of Thought	Bill Gates	17410	1992	405	258	392	369	261	177	44	55	71	84	91	96
4c7b5a93	black-hawk/the-autobiography-of-ma-ka-tai-me-she-kia-kiak-or-black-hawk	2022-10-04	2022-10-10	The Autobiography of Ma-Ka-Tai-Me-She-Kia-Kiak, or Black Hawk	Black Hawk	31060	3505	474	420	653	740	654	408	54	68	80	90	95	99
a9dd9c4d	booker-t-washington/up-from-slavery	2022-10-04	2022-10-10	Up from Slavery	Booker T. Washington	36614	4079	488	447	716	902	790	536	53	67	80	90	96	100
82edd0d5	booth-tarkington/alice-adams	2022-10-04	2022-10-10	Alice Adams	Booth Tarkington	39686	4861	484	440	741	996	1003	767	63	72	81	89	96	99
573457df	booth-tarkington/national-avenue	2022-10-04	2022-10-10	National Avenue	Booth Tarkington	45972	5544	492	463	807	1145	1180	950	61	72	81	90	95	99
cf7ec17e	booth-tarkington/the-magnificent-ambersons	2022-10-04	2022-10-10	The Magnificent Ambersons	Booth Tarkington	48359	5975	495	473	842	1213	1333	1050	58	70	80	89	96	99
423f1340	booth-tarkington/the-turmoil	2022-10-04	2022-10-10	The Turmoil	Booth Tarkington	41777	5422	489	462	799	1106	1174	889	61	72	81	89	95	99
d3059883	bram-stoker/dracula	2022-10-04	2022-10-10	Dracula	Bram Stoker	72722	6391	494	479	889	1353	1487	1109	61	72	83	91	96	99
8fbbb195	bram-stoker/the-judge-s-house	2022-10-04	2022-10-10	The Judge's House	Bram Stoker	2519	699	308	125	133	84	27	18	59	73	86	97	99	100
e5ed5e16	brian-friel/mr-sing-my-heart-s-delight	2022-10-04	2022-10-10	Mr Sing My Heart's Delight	Brian Friel	1558	701	307	132	111	79	39	22	59	74	85	91	96	98
6b471daf	brigit-viney/history-of-english-language	2022-10-04	2022-10-10	History of English Language	Brigit Viney	8757	1517	381	207	236	228	173	151	48	65	76	85	92	97
bded91c3	bruno-anthony/seven	2022-10-04	2022-10-10	Seven	Bruno Anthony	5594	938	376	178	166	113	56	30	61	73	82	90	98	100
aece22e8	buchi-emecheta/the-bride-price	2022-10-04	2022-10-10	The Bride Price	Buchi Emecheta	9307	1389	430	258	291	202	115	56	65	76	87	93	96	100
f37cda35	burnford-sheila/the-incredible-journey	2022-10-04	2022-10-10	The Incredible Journey	Burnford Sheila	7878	954	374	191	170	112	59	32	66	79	90	96	98	100
43b8e1e5	butler-james/board-games	2022-10-04	2022-10-10	Board Games	Butler James	4365	891	353	164	148	120	69	27	62	74	88	96	99	100
30e971bb	butler-s/death-in-edinburgh	2022-10-04	2022-10-10	Death in Edinburgh	Butler S.	3244	1138	361	195	173	175	123	65	59	71	80	89	94	99
af4252c6	c-j-cutcliffe-hyne/the-lost-continent	2022-10-04	2022-10-10	The Lost Continent	C. J. Cutcliffe Hyne	44763	5685	488	453	783	1135	1291	1036	53	66	77	87	94	99
758a3cfb	c-s-lewis/poetry	2022-10-04	2022-10-10	Poetry	C. S. Lewis	14359	2996	438	306	463	591	636	392	53	66	78	88	95	99
a3075	camille-flammarion/omega	2022-10-04	2022-10-10	Omega	Camille Flammarion	28385	4895	470	420	705	969	1004	839	41	53	68	81	91	97
88b95d55	captain-marryat/the-children-of-the-new-forest	2022-10-04	2022-10-10	The Children of the New Forest	Captain Marryat	3236	582	308	106	83	47	22	12	67	78	90	94	99	100
20befae0	carey-rockwell/stand-by-for-mars	2022-10-04	2022-10-10	Stand by for Mars!	Carey Rockwell	30298	3477	469	396	564	696	661	450	53	67	76	85	94	99
3b5bbc2c	carlo-collodi/the-adventures-of-pinocchio	2022-10-04	2022-10-10	The Adventures of Pinocchio	Carlo Collodi	19248	2828	468	382	551	565	490	281	59	71	82	90	97	99
5d19993a	caroline-laidlaw/animal-senses	2022-10-04	2022-10-10	Animal Senses	Caroline Laidlaw	1632	652	222	86	108	95	64	35	45	59	73	85	92	96
ee7e2933	caroline-laidlaw/animals-look	2022-10-04	2022-10-10	Animals Look!	Caroline Laidlaw	1950	594	219	83	87	90	54	28	55	67	77	88	94	97
8d23823a	caroline-shackleton/robots-the-next-generation	2022-10-04	2022-10-10	Robots the Next Generation	Caroline Shackleton	1511	718	214	91	111	122	78	45	40	48	62	74	90	94
bf5edfe4	charles-babbage/passages-from-the-life-of-a-philosopher	2022-10-04	2022-10-10	Passages from the Life of a Philosopher	Charles Babbage	70196	6529	495	474	839	1324	1490	1266	45	59	73	86	94	99
e4008eb1	charles-darwin/the-origin-of-species	2022-10-04	2022-10-10	The Origin of Species	Charles Darwin	106213	5837	453	386	651	917	1106	1074	40	53	68	81	90	96
c6da4222	charles-dickens/a-christmas-carol	2022-10-04	2022-10-10	A Christmas Carol	Charles Dickens	14032	3332	485	399	598	701	648	382	55	66	77	87	94	99
f2ccdbe1	charles-dickens/a-tale-of-two-cities	2022-10-04	2022-10-10	A Tale of Two Cities	Charles Dickens	64941	6921	497	481	891	1438	1740	1321	56	68	79	89	96	99
8a8e7e30	charles-dickens/bleak-house	2022-10-04	2022-10-10	Bleak House	Charles Dickens	165238	9794	498	492	953	1731	2498	2435	60	71	81	89	96	99
36627c52	charles-dickens/david-copperfield	2022-10-04	2022-10-10	David Copperfield	Charles Dickens	160836	9378	498	487	944	1686	2427	2329	61	72	82	90	96	100
3c689a41	charles-dickens/great-expectations	2022-10-04	2022-10-10	Great Expectations	Charles Dickens	83462	7541	496	482	908	1500	1919	1552	60	71	81	89	96	99
2c8749cc	charles-dickens/hard-times	2022-10-04	2022-10-10	Hard Times	Charles Dickens	47309	6131	492	473	873	1300	1467	1091	60	71	81	90	96	99
20ddc761	charles-dickens/hunted-down	2022-10-04	2022-10-10	Hunted down	Charles Dickens	1311	467	244	70	77	53	15	6	72	80	89	96	99	100
2f1264cf	charles-dickens/little-dorrit	2022-10-04	2022-10-10	Little Dorrit	Charles Dickens	12011	1526	454	291	320	250	135	55	71	82	92	97	99	100
bfd8a295	charles-dickens/nicholas-nickleby	2022-10-04	2022-10-10	Nicholas Nickleby	Charles Dickens	9116	1237	424	245	262	180	76	38	66	80	89	94	98	100
dd691793	charles-dickens/oliver-twist	2022-10-04	2022-10-10	Oliver Twist	Charles Dickens	78769	6949	493	475	903	1431	1757	1388	56	67	79	89	96	100
8070f4d0	charles-dickens/the-signalman	2022-10-04	2022-10-10	The Signalman	Charles Dickens	912	341	196	58	48	26	10	1	68	81	91	95	99	99
fd2a0a3d	charles-perrault/little-red-riding-hood	2022-10-04	2022-10-10	Little Red Riding Hood	Charles Perrault	352	159	96	18	10	15	11	7	62	72	75	91	97	99
58cefc40	charles-perrault/sleeping-beauty	2022-10-04	2022-10-10	Sleeping Beauty	Charles Perrault	539	178	96	26	23	15	14	4	54	67	81	89	99	100
a356b3f3	charles-randolph/the-interpreter	2022-10-04	2022-10-10	The Interpreter	Charles Randolph	6763	894	356	165	154	102	54	33	59	71	80	86	94	99
2ec223b0	charles-w-chesnutt/the-conjure-woman	2022-10-04	2022-10-10	The Conjure Woman	Charles W. Chesnutt	24238	2770	464	347	520	525	471	275	51	58	73	87	96	99
5ab7289a	charlotte-bront/jane-eyre	2022-10-04	2022-10-10	Jane Eyre	Charlotte Brontë	89278	8621	497	485	939	1600	2169	2037	53	65	77	87	95	99
17ca840c	charlotte-bront/shirley	2022-10-04	2022-10-10	Shirley	Charlotte Brontë	104118	9812	497	493	969	1694	2476	2478	51	63	75	87	94	99
564c3723	charlotte-bront/villette	2022-10-04	2022-10-10	Villette	Charlotte Brontë	95514	9656	497	485	936	1642	2334	2421	50	62	74	86	93	99
f3045214	charlotte-perkins-gilman/herland	2022-10-04	2022-10-10	Herland	Charlotte Perkins Gilman	25750	4396	490	425	717	902	869	645	56	67	79	89	95	99
c8418fe5	charlotte-perkins-gilman/women-and-economics	2022-10-04	2022-10-10	Women and Economics	Charlotte Perkins Gilman	37618	4731	476	400	706	883	931	848	43	56	72	85	93	98
9d2b75c8	cherry-gilchrist/princess-diana	2022-10-04	2022-10-10	Princess Diana	Cherry Gilchrist	4455	835	343	158	124	96	52	31	62	74	86	95	98	99
5ad5755f	cheryl-palin/amazing-minibeasts	2022-10-04	2022-10-10	Amazing Minibeasts	Cheryl Palin	756	261	107	26	41	23	22	16	43	54	67	80	88	94
c5933bf3	chitra-banerjee-divakaruni/the-intelligence-of-wild-things	2022-10-04	2022-10-10	The Intelligence of Wild Things	Chitra Banerjee Divakaruni	1611	706	324	133	111	78	28	20	64	77	88	95	97	100
aceeaf5c	chris-rice/audrey-hepburn	2022-10-04	2022-10-10	Audrey Hepburn	Chris Rice	1834	521	233	82	77	55	32	25	60	71	82	88	95	99
3ce6dc95	chris-rose/fenrir-s-chain	2022-10-04	2022-10-10	Fenrir's Chain	Chris Rose	783	245	150	34	25	18	7	3	61	69	79	86	90	92
2277302d	chris-rose/sigurd-and-sigrdrifa	2022-10-04	2022-10-10	Sigurd and Sigrdrifa	Chris Rose	411	164	110	22	11	9	3	3	66	81	87	91	91	94
e8ac8a73	chris-rose/the-brisingamen-necklace	2022-10-04	2022-10-10	The Brisingamen Necklace	Chris Rose	1013	257	166	32	26	17	5	8	61	69	73	77	83	94
b8e99f30	chris-rose/the-story-of-alvis	2022-10-04	2022-10-10	The Story of Alvis	Chris Rose	640	181	124	20	17	8	3	7	74	80	85	87	95	100
12f30eab	chris-rose/the-story-of-thrym	2022-10-04	2022-10-10	The Story of Thrym	Chris Rose	728	239	147	29	31	20	5	3	60	68	79	87	92	98
a6390c17	chris-rose/thor-and-the-giants	2022-10-04	2022-10-10	Thor and the Giants	Chris Rose	1709	372	226	54	41	30	11	5	62	71	84	88	95	100
f6182a8e	christine-lindop/ned-kelly-a-true-story	2022-10-04	2022-10-10	Ned Kelly a True Story	Christine Lindop	2793	493	268	84	52	44	27	13	66	79	87	93	96	100
d7a30efe	christopher-fowler/cooking-the-books	2022-10-04	2022-10-10	Cooking the Books	Christopher Fowler	1404	642	277	104	124	83	36	11	56	68	81	94	98	99
c978f72f	christopher-marlowe/the-jew-of-malta	2022-10-04	2022-10-10	The Jew of Malta	Christopher Marlowe	9267	2304	434	291	412	427	372	253	51	62	76	86	94	99
c5211ff5	christopher-marlowe/the-tragical-history-of-doctor-faustus	2022-10-04	2022-10-10	The Tragical History of Doctor Faustus	Christopher Marlowe	7328	2114	407	282	360	396	313	225	45	56	69	79	87	98
c6180c1b	christopher-morley/parnassus-on-wheels	2022-10-04	2022-10-10	Parnassus on Wheels	Christopher Morley	17593	3599	478	384	567	715	706	512	54	64	76	85	94	99
2d493343	christopher-morley/the-haunted-bookshop	2022-10-04	2022-10-10	The Haunted Bookshop	Christopher Morley	30937	5721	490	464	811	1166	1233	974	51	61	73	83	92	98
d425aa9d	chuck-palahniuk/fight-club	2022-10-04	2022-10-10	Fight Club	Chuck Palahniuk	15024	1908	427	264	356	321	255	141	57	66	77	86	95	98
8ce3e2d0	cicero/tusculan-disputations	2022-10-04	2022-10-10	Tusculan Disputations	Cicero	34278	4265	468	399	683	883	841	693	51	64	78	88	95	99
38c59467	claire-keegan/men-and-women	2022-10-04	2022-10-10	Men and Women	Claire Keegan	1527	617	273	98	92	85	43	11	59	73	81	91	97	99
6be4e9f5	clare-gray/a-doctor-a-father-and-his-son	2022-10-04	2022-10-10	A Doctor, a Father, and His Son	Clare Gray	427	241	148	32	28	19	7	3	65	78	88	94	97	98
19a3ca8a	clare-gray/a-mountain-accident	2022-10-04	2022-10-10	A Mountain Accident	Clare Gray	525	280	150	56	36	19	11	6	62	81	92	96	99	100
1466d4f1	clare-gray/fighting-for-the-forest	2022-10-04	2022-10-10	Fighting for the Forest	Clare Gray	918	309	159	53	42	22	22	8	58	75	85	89	94	96
bf619014	clare-gray/prisoner-for-peace	2022-10-04	2022-10-10	Prisoner for Peace	Clare Gray	485	236	126	38	31	20	9	5	58	77	89	95	97	98
bf9ecddb	clare-gray/running-for-her-life	2022-10-04	2022-10-10	Running for Her Life	Clare Gray	694	301	154	44	38	28	14	13	53	69	80	86	90	98
1e415be9	clare-gray/the-housewife-spy	2022-10-04	2022-10-10	The Housewife Spy	Clare Gray	758	366	201	71	40	32	12	6	60	78	88	96	98	100
4df16514	clare-gray/the-river-to-freedom	2022-10-04	2022-10-10	The River to Freedom	Clare Gray	471	266	148	48	34	20	10	3	60	75	86	92	98	100
45038b0c	clare-gray/the-true-courage-of-erin-brockovich	2022-10-04	2022-10-10	The True Courage of Erin Brockovich	Clare Gray	690	291	168	36	46	23	12	4	63	72	86	92	94	95
18714944	clare-west/a-fishy-story	2022-10-04	2022-10-10	A Fishy Story	Clare West	1484	706	297	140	120	86	33	17	53	72	84	93	97	100
5b495d30	clare-west/a-time-of-waiting	2022-10-04	2022-10-10	A Time of Waiting	Clare West	6779	1517	448	260	287	242	137	76	60	74	85	92	96	99
23e5970b	clarke-georgia/leonardo-da-vinci	2022-10-04	2022-10-10	Leonardo Da Vinci	Clarke Georgia	9836	1403	429	263	282	218	120	55	55	69	81	89	98	99
e21cacb9	clemen-d-b-gina/alien-alert-in-seattle	2022-10-04	2022-10-10	Alien Alert in Seattle	Clemen D. B. Gina	3434	689	305	110	95	79	43	33	62	72	80	90	94	99
dafa8032	clemen-d-b-gina/british-and-american-festivities	2022-10-04	2022-10-10	British and American Festivities	Clemen D. B. Gina	3848	1084	272	149	184	193	131	92	40	53	66	83	92	98
56935218	clemen-d-b-gina/davy-crockett	2022-10-04	2022-10-10	Davy Crockett	Clemen D. B. Gina	1484	448	207	70	54	64	24	16	50	59	71	81	92	95
dcf62d11	clemen-d-b-gina/great-mysteries-of-our-world	2022-10-04	2022-10-10	Great Mysteries of Our World	Clemen D. B. Gina	4152	1249	344	183	206	212	151	91	45	59	72	84	92	96
ab02e1c4	clemen-d-b-gina/halloween-horror	2022-10-04	2022-10-10	Halloween Horror	Clemen D. B. Gina	2130	482	218	78	75	59	28	13	60	70	79	90	93	98
9b5d3c5e	clemen-d-b-gina/the-american-west	2022-10-04	2022-10-10	The American West	Clemen D. B. Gina	1090	406	160	60	56	52	30	22	40	55	70	81	90	96
195a2cb6	clemen-d-b-gina/the-lost-treasure-of-bodega-bay	2022-10-04	2022-10-10	The Lost Treasure of Bodega Bay	Clemen D. B. Gina	3175	657	294	113	91	70	38	28	58	68	77	89	95	98
984c029d	clemen-d-b-gina/the-vampire-s-tear	2022-10-04	2022-10-10	The Vampire's Tear	Clemen D. B. Gina	5475	1160	379	184	205	174	114	70	54	67	77	90	96	99
3ead5c7e	clemen-gina-d-b/miami-police-file-the-o-nell-case	2022-10-04	2022-10-10	Miami Police File the O'Nell Case	Clemen Gina D. B.	3600	836	314	124	137	125	67	37	53	67	76	90	94	97
e3aa8772	clemen-gina-d-b/murder-at-coyote-canyon	2022-10-04	2022-10-10	Murder at Coyote Canyon	Clemen Gina D. B.	4743	915	345	132	150	128	86	46	57	68	78	88	96	98
86f5a8fb	compton-mackenzie/sinister-street	2022-10-04	2022-10-10	Sinister Street	Compton Mackenzie	172455	12377	497	495	975	1780	2848	3258	50	64	75	85	93	98
3708b216	conan-doyle/a-case-of-identity	2022-10-04	2022-10-10	A Case Of Identity	Conan Doyle	1555	548	257	87	87	62	29	22	66	75	89	94	97	99
54c279a9	conan-doyle/a-scandal-in-bohemia	2022-10-04	2022-10-10	A Scandal In Bohemia	Conan Doyle	1011	327	214	63	23	16	5	3	72	84	92	98	99	100
efb7d1ab	conan-doyle/a-study-in-scarlet	2022-10-04	2022-10-10	A Study in Scarlet	Conan Doyle	4302	1023	387	191	208	149	60	22	63	75	87	95	98	100
d94d2d29	conan-doyle/sherlock-holmes-and-the-mystery-of-boscombe-pool	2022-10-04	2022-10-10	Sherlock Holmes and the Mystery of Boscombe Pool	Conan Doyle	3829	763	371	152	121	67	27	18	72	83	92	96	98	100
97867346	conan-doyle/the-adventure-of-the-blue-carbuncle	2022-10-04	2022-10-10	The Adventure of the Blue Carbuncle	Conan Doyle	1547	563	272	85	86	63	34	18	57	71	83	90	97	100
5398355d	conan-doyle/the-disappearance-of-lady-frances-carfax	2022-10-04	2022-10-10	The Disappearance of Lady Frances Carfax	Conan Doyle	1491	528	262	97	75	56	25	10	62	75	86	94	97	100
91220e8f	conan-doyle/the-final-problem	2022-10-04	2022-10-10	The Final Problem	Conan Doyle	1420	588	279	125	84	65	23	11	61	78	90	97	99	100
6fd3b353	conan-doyle/the-five-orange-pips	2022-10-04	2022-10-10	The Five Orange Pips	Conan Doyle	889	307	188	50	32	22	11	3	68	81	90	95	99	100
952293d1	conan-doyle/the-sign-of-four	2022-10-04	2022-10-10	The Sign Of Four	Conan Doyle	5569	920	381	189	178	95	51	17	63	75	90	95	99	100
a4e075a2	conan-doyle/the-speckled-band	2022-10-04	2022-10-10	The Speckled Band	Conan Doyle	1082	337	211	57	41	17	7	2	67	77	89	95	98	99
e1b7077	conan-doyle/the-valley-of-fear	2022-10-04	2022-10-10	The Valley of Fear	Conan Doyle	4947	1017	398	188	186	127	78	27	64	76	87	92	98	100
f0cee02d	conan-doyle/the-yellow-face	2022-10-04	2022-10-10	The Yellow Face	Conan Doyle	1239	469	251	78	64	48	17	10	70	80	92	96	98	100
3e3f4c76	d-catrille/the-sharcks-were-hungry	2022-10-04	2022-10-10	The Sharcks Were Hungry	D. Catrille	619	282	155	54	32	27	9	5	58	74	85	93	100	100
e752ea58	d-h-lawrence/sons-and-lovers	2022-10-04	2022-10-10	Sons and Lovers	D. H. Lawrence	77006	6392	494	473	829	1274	1455	1235	60	71	81	90	96	99
627fe535	d-h-lawrence/the-blind-man	2022-10-04	2022-10-10	The Blind Man	D. H. Lawrence	1198	484	254	82	67	50	24	6	71	83	92	98	100	100
131685cf	d-h-lawrence/the-lovely-lady	2022-10-04	2022-10-10	The Lovely Lady	D. H. Lawrence	1701	524	282	96	80	45	11	7	61	73	86	91	92	96
e6e06d39	d-h-lawrence/the-rainbow	2022-10-04	2022-10-10	The Rainbow	D. H. Lawrence	88302	7799	497	486	896	1456	1819	1716	55	67	78	88	95	99
d42b1668	d-h-lawrence/the-rocking-horse-winner	2022-10-04	2022-10-10	The Rocking Horse Winner	D. H. Lawrence	1282	396	231	62	45	34	12	8	64	75	87	93	95	99
4d5c0c02	daisy-ashford/the-young-visiters	2022-10-04	2022-10-10	The Young Visiters	Daisy Ashford	7066	1764	422	280	303	321	261	123	55	68	78	88	97	99
9f3e76d9	daniel-defoe/a-journal-of-the-plague-year	2022-10-04	2022-10-10	A Journal of the Plague Year	Daniel Defoe	42480	3914	483	422	645	803	765	539	60	70	81	91	96	100
1947c9d6	daniel-defoe/the-life-and-adventures-of-robinson-crusoe	2022-10-04	2022-10-10	The Life and Adventures of Robinson Crusoe	Daniel Defoe	53757	4227	488	442	724	903	872	579	61	73	84	93	98	100
6fad3bb8	dante-alighieri/the-divine-comedy	2022-10-04	2022-10-10	The Divine Comedy	Dante Alighieri	145288	11224	497	482	950	1707	2581	2927	46	57	70	82	92	98
a7417f90	daphne-du-maurier/jamaica-inn	2022-10-04	2022-10-10	Jamaica Inn	Daphne du Maurier	18187	1824	471	373	429	318	139	65	64	80	91	97	98	100
ea47f1d0	daphne-du-maurier/my-cousin-rachel	2022-10-04	2022-10-10	My Cousin Rachel	Daphne Du Maurier	6691	957	392	192	170	130	50	14	68	79	87	96	99	100
2245b4e9	daphne-du-maurier/rebecca	2022-10-04	2022-10-10	Rebecca	Daphne Du Maurier	14908	1322	436	254	283	214	93	33	70	81	89	94	100	100
d181184e	david-evans/management-gurus	2022-10-04	2022-10-10	Management Gurus	David Evans	7942	1233	389	218	225	185	109	63	58	71	82	92	97	99
275634a9	david-evans/women-in-business	2022-10-04	2022-10-10	Women in Business	David Evans	5249	1005	352	172	165	151	72	53	58	71	83	90	94	98
6d51c69b	david-garnett/lady-into-fox	2022-10-04	2022-10-10	Lady Into Fox	David Garnett	10979	2442	463	353	472	464	370	222	62	72	82	90	96	99
8fcf42e9	david-levithan/the-mummy	2022-10-04	2022-10-10	The Mummy	David Levithan	2888	413	240	60	48	24	18	12	67	78	85	89	95	97
adcef68c	david-lindsay/a-voyage-to-arcturus	2022-10-04	2022-10-10	A Voyage to Arcturus	David Lindsay	44349	5275	482	446	775	1101	1184	919	55	69	81	90	96	99
59863b79	denise-whittaker/maggi	2022-10-04	2022-10-10	Maggi	Denise Whittaker	401	254	141	37	30	26	8	7	61	73	85	94	96	98
757abc6c	derek-strange/girl-meets-boy	2022-10-04	2022-10-10	Girl Meets Boy	Derek Strange	840	229	142	33	14	21	7	8	70	85	88	94	95	99
d6f0bae2	dewey-gram/dante-s-peak	2022-10-04	2022-10-10	Dante's Peak	Dewey Gram	3995	485	257	68	69	37	31	15	63	72	80	90	97	99
67e44c3b	dewey-gram/gladiator	2022-10-04	2022-10-10	Gladiator	Dewey Gram	10267	1220	424	258	263	171	62	29	64	79	90	95	97	99
259fb709	diogenes-la-rtius/the-lives-and-opinions-of-eminent-philosophers	2022-10-04	2022-10-10	The Lives and Opinions of Eminent Philosophers	Diogenes Laërtius	80220	6411	487	438	816	1187	1405	1244	50	62	74	85	92	98
646b14ad	dobie-smith/the-hundred-and-one-dalmatin	2022-10-04	2022-10-10	The Hundred and One Dalmatin	Dobie Smith	7988	1603	437	268	318	277	177	83	55	66	77	85	93	99
3f874dd0	dominic-butler/murder-in-the-fog	2022-10-04	2022-10-10	Murder in the Fog	Dominic Butler	11957	1705	428	266	322	302	201	117	63	75	85	93	97	100
15506aa4	doris-lessing/the-grass-is-singing	2022-10-04	2022-10-10	The Grass Is Singing	Doris Lessing	8117	1308	438	255	285	205	74	38	67	79	90	97	99	100
faf803f1	dorothy-day/the-eleventh-virgin	2022-10-04	2022-10-10	The Eleventh Virgin	Dorothy Day	34317	5305	493	460	792	1050	1119	872	54	65	78	88	94	98
66324dd2	dorothy-dixon/the-night-of-the-green-dragon	2022-10-04	2022-10-10	The Night of the Green Dragon	Dorothy Dixon	2555	612	305	114	91	66	20	12	65	77	87	94	99	100
698a0901	dorothy-l-sayers/whose-body	2022-10-04	2022-10-10	Whose Body?	Dorothy L. Sayers	29224	4667	492	458	749	976	969	622	57	68	78	87	95	99
71ea9fa6	dorothy-m-richardson/pointed-roofs	2022-10-04	2022-10-10	Pointed Roofs	Dorothy M. Richardson	28798	4544	481	425	710	891	992	678	54	66	77	87	95	99
997b8c7b	e-e-cummings/the-enormous-room	2022-10-04	2022-10-10	The Enormous Room	E. E. Cummings	46639	6768	494	472	877	1273	1505	1310	45	58	72	83	91	97
31cfadc0	e-e-smith/first-lensman	2022-10-04	2022-10-10	First Lensman	E. E. Smith	48653	6712	487	451	784	1118	1351	1300	49	60	72	82	90	96
1e017e4d	e-e-smith/the-skylark-of-space	2022-10-04	2022-10-10	The Skylark of Space	E. E. Smith	41098	5237	489	459	784	1102	1100	874	52	64	77	87	95	99
a527c146	e-e-smith/triplanetary	2022-10-04	2022-10-10	Triplanetary	E. E. Smith	46702	6311	487	449	783	1124	1316	1207	46	58	70	81	90	97
37be247	e-m-forster/a-passage-to-india	2022-10-04	2022-10-10	A Passage to India	E. M. Forster	47924	6357	494	474	881	1293	1410	1171	53	65	77	88	94	99
6201c3d9	e-m-forster/a-room-with-a-view	2022-10-04	2022-10-10	A Room With a View	E. M. Forster	31984	4943	494	462	785	1036	1037	806	56	68	77	88	94	99
f8e9847f	e-m-forster/howards-end	2022-10-04	2022-10-10	Howards End	E. M. Forster	51540	6374	494	481	879	1295	1440	1197	57	68	79	89	95	99
81ea4e7b	e-m-forster/where-angels-fear-to-tread	2022-10-04	2022-10-10	Where Angels Fear to Tread	E. M. Forster	22687	4114	490	449	713	914	798	547	57	69	81	90	96	99
7dab16f1	e-nesbit/five-children-and-it	2022-10-04	2022-10-10	Five Children and It	E. Nesbit	25465	3511	485	418	626	713	636	414	60	71	82	91	97	99
8ba97e98	e-nesbit/harding-s-luck	2022-10-04	2022-10-10	Harding’s Luck	E. Nesbit	32204	3811	487	424	645	814	709	494	62	73	82	89	97	99
1609c1a7	e-nesbit/in-the-dark	2022-10-04	2022-10-10	In the dark	E. Nesbit	1020	411	220	69	59	38	11	8	72	81	90	96	97	98
9bfccbca	e-nesbit/the-enchanted-castle	2022-10-04	2022-10-10	The Enchanted Castle	E. Nesbit	32740	4191	490	441	700	889	851	564	59	71	81	91	97	99
262a9c40	e-nesbit/the-house-of-arden	2022-10-04	2022-10-10	The House of Arden	E. Nesbit	33869	3950	487	433	669	857	768	485	63	75	84	92	97	99
2785a1d2	e-nesbit/the-phoenix-and-the-carpet	2022-10-04	2022-10-10	The Phoenix and the Carpet	E. Nesbit	29850	3935	488	439	642	836	781	498	57	68	79	89	96	99
eba883b6	e-nesbit/the-railway-children	2022-10-04	2022-10-10	The Railway Children	E. Nesbit	4487	738	363	142	111	75	32	13	73	85	92	97	99	100
4f7b608b	e-nesbit/the-story-of-the-amulet	2022-10-04	2022-10-10	The Story of the Amulet	E. Nesbit	33266	4006	496	440	669	880	750	501	61	73	83	91	96	99
309ddf0f	e-nesbit/wet-magic	2022-10-04	2022-10-10	Wet Magic	E. Nesbit	23646	3615	490	430	654	744	666	418	58	69	80	88	94	99
f3565fce	e-pauline-johnson/legends-of-vancouver	2022-10-04	2022-10-10	Legends of Vancouver	E. Pauline Johnson	14699	3196	474	379	539	651	604	387	49	62	75	87	95	99
11b005e9	e-phillips-oppenheim/the-great-impersonation	2022-10-04	2022-10-10	The Great Impersonation	E. Phillips Oppenheim	35844	4966	491	468	803	1072	1038	757	56	70	81	90	96	99
d31d5459	e-r-eddison/the-worm-ouroboros	2022-10-04	2022-10-10	The Worm Ouroboros	E. R. Eddison	78911	7111	486	445	751	1214	1620	1481	51	64	75	86	94	98
16e08c43	e-t-a-hoffmann/master-flea	2022-10-04	2022-10-10	Master Flea	E. T. A. Hoffmann	22043	3846	481	424	699	829	747	480	52	65	77	87	93	99
8314792a	e-w-hornung/a-thief-in-the-night	2022-10-04	2022-10-10	A Thief in the Night	E. W. Hornung	29318	5027	488	453	785	1081	1034	819	56	67	77	88	95	99
d5b42334	e-w-hornung/the-amateur-cracksman	2022-10-04	2022-10-10	The Amateur Cracksman	E. W. Hornung	24187	4325	490	450	698	907	887	640	57	69	78	88	95	99
abdfb7b5	e-w-hornung/the-black-mask	2022-10-04	2022-10-10	The Black Mask	E. W. Hornung	25069	4679	490	458	768	990	948	703	56	67	77	88	95	99
445ca92d	eamonn-sweeney/lord-mcdonald	2022-10-04	2022-10-10	Lord Mcdonald	Eamonn Sweeney	1285	538	271	90	80	56	24	12	65	78	87	94	98	100
8f61ea93	edgar-allan-poe/a-descent-into-the-maelstrom	2022-10-10	2022-10-10	A Descent Into the Maelstrom	Edgar Allan Poe	998	332	191	49	44	30	11	4	62	79	88	95	97	98
9cf990da	edgar-allan-poe/berenice	2022-10-10	2022-10-10	Berenice	Edgar Allan Poe	977	391	232	74	42	29	9	3	73	86	93	98	99	100
22c2d2b7	edgar-allan-poe/black-cat	2022-10-10	2022-10-10	Black Cat	Edgar Allan Poe	1136	411	255	73	46	25	9	2	72	87	94	98	99	100
95e2eae4	edgar-allan-poe/ligeia	2022-10-10	2022-10-10	Ligeia	Edgar Allan Poe	814	374	209	58	47	36	20	4	69	82	90	96	100	100
f369e24	edgar-allan-poe/short-fiction	2022-10-10	2022-10-10	Short Fiction	Edgar Allan Poe	155655	12214	497	494	977	1790	2815	3285	44	57	71	83	92	98
1dfc65b6	edgar-allan-poe/the-cask-of-amontillado	2022-10-10	2022-10-10	The Cask of Amontillado	Edgar Allan Poe	687	376	204	54	56	36	19	5	61	73	85	94	97	99
c0e36024	edgar-allan-poe/the-facts-in-the-case-of-mr-valdemar	2022-10-10	2022-10-10	The Facts in The Case of Mr Valdemar	Edgar Allan Poe	547	235	152	26	30	18	6	1	73	80	91	95	97	99
7588b531	edgar-allan-poe/the-fall-of-the-house-of-usher	2022-10-10	2022-10-10	The Fall of the House of Usher	Edgar Allan Poe	746	326	195	41	47	35	7	1	72	80	90	97	100	100
d47fd66e	edgar-allan-poe/the-murders-in-the-rue-morgue	2022-10-10	2022-10-10	The Murders in the Rue Morgue	Edgar Allan Poe	2694	823	324	140	157	101	54	31	59	72	85	93	97	99
fee58575	edgar-allan-poe/the-narrative-of-arthur-gordon-pym-of-nantucket	2022-10-10	2022-10-10	The Narrative of Arthur Gordon Pym of Nantucket	Edgar Allan Poe	34976	4753	469	427	732	1011	1040	754	45	60	74	86	95	99
668caa60	edgar-allan-poe/the-oblong-box	2022-10-10	2022-10-10	The oblong box	Edgar Allan Poe	897	339	199	57	39	27	10	5	63	76	89	94	96	100
b8f2ffb3	edgar-allan-poe/the-pit-and-the-pendulum	2022-10-10	2022-10-10	The pit and the pendulum	Edgar Allan Poe	1033	346	193	54	47	33	9	7	62	73	83	95	96	99
ad8728de	edgar-allan-poe/the-purloined-letter	2022-10-10	2022-10-10	The Purloined Letter	Edgar Allan Poe	2031	786	292	134	145	108	66	29	55	69	83	92	97	100
fa4b5d0a	edgar-lee-masters/spoon-river-anthology	2022-10-04	2022-10-10	Spoon River Anthology	Edgar Lee Masters	18935	4380	482	400	639	887	949	673	50	62	73	84	93	98
32f74238	edgar-rice-burroughs/a-princess-of-mars	2022-10-04	2022-10-10	A Princess of Mars	Edgar Rice Burroughs	31405	4695	486	438	737	1020	1002	745	48	62	76	87	95	99
a1deabbd	edgar-rice-burroughs/at-the-earth-s-core	2022-10-04	2022-10-10	At the Earth’s Core	Edgar Rice Burroughs	22937	3973	471	420	681	838	769	561	51	64	77	88	95	99
2c1be8ce	edgar-rice-burroughs/pellucidar	2022-10-04	2022-10-10	Pellucidar	Edgar Rice Burroughs	26280	4258	479	430	705	864	894	624	50	64	76	87	94	99
4876921b	edgar-rice-burroughs/tarzan-of-the-apes	2022-10-04	2022-10-10	Tarzan of the Apes	Edgar Rice Burroughs	42290	5297	490	466	800	1096	1195	894	49	63	76	88	95	99
28e7512e	edgar-rice-burroughs/the-beasts-of-tarzan	2022-10-04	2022-10-10	The Beasts of Tarzan	Edgar Rice Burroughs	30118	4342	475	424	705	907	943	666	48	61	75	88	95	99
47ae1c8b	edgar-rice-burroughs/the-chessmen-of-mars	2022-10-04	2022-10-10	The Chessmen of Mars	Edgar Rice Burroughs	40235	4823	481	438	757	1007	1074	756	50	64	77	87	96	99
4102723c	edgar-rice-burroughs/the-gods-of-mars	2022-10-04	2022-10-10	The Gods of Mars	Edgar Rice Burroughs	38877	4828	486	438	728	1020	1099	798	50	64	76	87	95	100
f4be4136	edgar-rice-burroughs/the-land-that-time-forgot	2022-10-04	2022-10-10	The Land That Time Forgot	Edgar Rice Burroughs	52786	5821	489	464	802	1158	1329	1065	51	64	76	87	94	99
cd977f96	edgar-rice-burroughs/the-return-of-tarzan	2022-10-04	2022-10-10	The Return of Tarzan	Edgar Rice Burroughs	42316	5132	493	460	794	1111	1149	835	51	65	77	90	96	99
f3863cce	edgar-rice-burroughs/the-son-of-tarzan	2022-10-04	2022-10-10	The Son of Tarzan	Edgar Rice Burroughs	43974	5317	489	455	776	1109	1182	952	50	64	76	88	95	99
b853c792	edgar-rice-burroughs/the-warlord-of-mars	2022-10-04	2022-10-10	The Warlord of Mars	Edgar Rice Burroughs	26590	4151	477	403	676	866	905	629	49	62	76	87	94	99
819c142c	edgar-rice-burroughs/thuvia-maid-of-mars	2022-10-04	2022-10-10	Thuvia, Maid of Mars	Edgar Rice Burroughs	20972	3667	458	402	633	773	742	475	49	63	76	87	94	99
9abf4102	edith-wharton/ethan-frome	2022-10-04	2022-10-10	Ethan Frome	Edith Wharton	16749	3571	473	389	597	747	696	471	55	68	79	88	95	99
d52ffdbb	edith-wharton/summer	2022-10-04	2022-10-10	Summer	Edith Wharton	27541	4499	487	436	696	952	944	686	56	69	79	89	95	99
bae65bbc	edith-wharton/the-age-of-innocence	2022-10-04	2022-10-10	The Age of Innocence	Edith Wharton	49448	6709	493	482	857	1342	1514	1327	53	66	76	87	94	99
484ac519	edith-wharton/the-house-of-mirth	2022-10-04	2022-10-10	The House of Mirth	Edith Wharton	60974	7405	491	468	872	1406	1714	1622	51	63	76	86	94	99
8675f517	edna-brien/irish-revel	2022-10-04	2022-10-10	Irish Revel	Edna Brien	1847	705	323	126	120	68	35	18	60	75	86	91	95	97
ae4c9c30	edna-ferber/so-big	2022-10-04	2022-10-10	So Big	Edna Ferber	44627	6512	491	456	815	1219	1445	1272	49	60	72	83	93	98
8fec06cb	edward-gibbon/the-history-of-the-decline-and-fall-of-the-roman-empire	2022-10-04	2022-10-10	The History of the Decline and Fall of the Roman Empire	Edward Gibbon	734995	14002	496	490	945	1759	2834	3782	29	41	59	77	91	98
38c9c0ac	edwin-a-abbott/flatland	2022-10-04	2022-10-10	Flatland	Edwin A. Abbott	16252	3475	462	350	580	692	675	505	46	59	72	84	93	98
8c5b1c34	eleanor-h-porter/pollyanna	2022-10-04	2022-10-10	Pollyanna	Eleanor H. Porter	16008	2174	464	319	410	427	311	186	64	77	86	94	98	100
5f7391af	eleanor-h-porter/pollyanna-grows-up	2022-10-04	2022-10-10	Pollyanna Grows Up	Eleanor H. Porter	34092	3856	484	428	651	804	737	544	64	75	83	91	97	100
fe98e9d0	elias-l-nnrot/the-kalevala	2022-10-04	2022-10-10	The Kalevala	Elias Lönnrot	74413	5346	476	422	740	1040	1236	996	38	53	69	82	94	99
9033ed5b	elizabeth-barrett-browning/sonnets-from-the-portuguese	2022-10-04	2022-10-10	Sonnets from the Portuguese	Elizabeth Barrett Browning	2624	1146	318	177	189	165	159	98	55	68	80	88	95	99
c7168b7d	elizabeth-gaskell/cranford	2022-10-04	2022-10-10	Cranford	Elizabeth Gaskell	33314	4730	492	468	789	1049	960	675	61	72	83	91	96	99
28e3b0de	elizabeth-gilbert/eat-pray-love	2022-10-04	2022-10-10	Eat, Pray, Love	Elizabeth Gilbert	28877	4114	485	421	672	861	712	525	57	68	79	88	94	97
1c57c2e7	ella-cheever-thayer/wired-love	2022-10-04	2022-10-10	Wired Love	Ella Cheever Thayer	23081	3879	468	393	669	818	770	572	56	67	79	89	95	99
6a660b3e	emily-bront/wuthering-heights	2022-10-04	2022-10-10	Wuthering Heights	Emily Brontë	53304	6294	494	471	868	1360	1552	1100	52	65	78	89	96	99
114161fa	emily-winston/all-about-the-usa	2022-10-04	2022-10-10	All about the USA	Emily Winston	2323	971	250	127	157	170	102	110	40	52	67	82	89	97
545c215b	emma-goldman/my-disillusionment-in-russia	2022-10-04	2022-10-10	My Disillusionment in Russia	Emma Goldman	42995	5511	482	443	803	1082	1171	980	40	52	69	82	91	97
899c7484	eona-macnicol/the-pigeon	2022-10-04	2022-10-10	The Pigeon	Eona Macnicol	1120	462	256	82	53	36	24	5	69	81	89	93	99	100
3e18febc	epeli-hauofa/the-glorious-pacific-way	2022-10-04	2022-10-10	The Glorious Pacific Way	Epeli Hauofa	1507	528	267	84	72	49	29	17	65	76	85	93	97	99
e4ff4c26	epictetus/discourses	2022-10-04	2022-10-10	Discourses	Epictetus	62813	4901	482	430	736	977	994	839	56	67	79	89	95	99
88a7787b	epictetus/short-works	2022-10-04	2022-10-10	Short Works	Epictetus	7651	1961	392	232	359	353	262	228	53	65	78	87	94	98
4b416e1c	epictetus/the-enchiridion	2022-10-04	2022-10-10	The Enchiridion	Epictetus	3630	1313	344	170	249	223	162	124	52	64	78	88	94	99
cd2abda2	erica-n-robinson/the-house	2022-10-04	2022-10-10	The House	Erica N Robinson	394	217	138	28	24	14	7	4	69	78	86	91	93	97
58e69871	ernest-bramah/kai-lung-s-golden-hours	2022-10-04	2022-10-10	Kai Lung’s Golden Hours	Ernest Bramah	42146	5972	476	433	768	1154	1332	1266	40	53	67	79	90	98
68d0b8dc	ernest-hemingway/short-fiction	2022-10-04	2022-10-10	Short Fiction	Ernest Hemingway	31348	3752	484	405	608	757	681	450	58	69	79	89	94	98
d2f12c20	ernest-hemingway/the-sun-also-rises	2022-10-04	2022-10-10	The Sun Also Rises	Ernest Hemingway	32562	3304	472	390	556	644	589	365	62	74	83	91	95	98
9a7292c5	ernest-howard-crosby/captain-jinks-hero	2022-10-04	2022-10-10	Captain Jinks, Hero	Ernest Howard Crosby	31856	4616	494	460	804	1004	961	617	56	68	79	90	96	99
c628526c	ernest-poole/his-family	2022-10-04	2022-10-10	His Family	Ernest Poole	46385	4777	488	447	771	1040	1025	721	63	74	84	91	97	100
db949dc7	ernest-shackleton/south	2022-10-04	2022-10-10	South!	Ernest Shackleton	76123	6042	477	453	793	1145	1320	1098	45	59	73	85	93	98
75a07ff4	erskine-childers/the-riddle-of-the-sands	2022-10-04	2022-10-10	The Riddle of the Sands	Erskine Childers	52932	7430	492	473	868	1346	1752	1670	48	59	71	82	92	98
6747e7de	ethel-voynich/the-gadfly	2022-10-04	2022-10-10	The Gadfly	Ethel Voynich	47105	5669	494	475	838	1222	1257	998	57	68	79	88	94	99
fd27cfd3	etsu-inagaki-sugimoto/a-daughter-of-the-samurai	2022-10-04	2022-10-10	A Daughter of the Samurai	Etsu Inagaki Sugimoto	49012	5308	492	459	833	1153	1191	802	52	65	77	88	95	99
da18f598	eugene-o-neill/the-hairy-ape	2022-10-04	2022-10-10	The Hairy Ape	Eugene O’Neill	8260	2114	409	269	333	386	342	227	47	58	69	82	91	98
85680ff3	evelyn-underhill/practical-mysticism	2022-10-04	2022-10-10	Practical Mysticism	Evelyn Underhill	16152	3250	421	343	530	603	601	484	44	56	70	82	92	98
c2fba159	f-h-cornish/amazing-aviators	2022-10-04	2022-10-10	Amazing Aviators	F.H. Cornish	4780	975	322	151	158	146	75	65	50	62	77	87	93	97
90870a4d	f-marion-crawford/khaled	2022-10-04	2022-10-10	Khaled	F. Marion Crawford	26187	3149	475	390	625	707	537	310	60	72	83	92	97	100
5b6746d0	f-marion-crawford/the-upper-berth	2022-10-04	2022-10-10	The upper Berth	F. Marion Crawford	1158	403	233	53	63	31	18	1	70	79	91	96	100	100
28929eb5	f-scott-fitzgerald/tender-is-the-night	2022-10-04	2022-10-10	Tender is the Night	F. Scott Fitzgerald	12432	2327	477	361	463	467	278	176	62	73	82	91	96	99
d5953ea2	f-scott-fitzgerald/the-beautiful-and-damned	2022-10-04	2022-10-10	The Beautiful and Damned	F. Scott Fitzgerald	63125	8314	496	485	905	1459	1879	1847	50	61	72	84	93	98
9c3e814d	f-scott-fitzgerald/the-great-gatsby	2022-10-04	2022-10-10	The Great Gatsby	F. Scott Fitzgerald	24288	4363	485	437	676	874	882	642	56	68	78	87	95	98
8e2ffa8b	f-scott-fitzgerald/this-side-of-paradise	2022-10-04	2022-10-10	This Side of Paradise	F. Scott Fitzgerald	40753	6639	496	472	855	1285	1432	1292	52	64	75	85	92	98
344121bc	f-sionil-jose/progress	2022-10-04	2022-10-10	Progress	F. Sionil Jose	1777	638	306	114	106	62	28	11	61	75	87	92	95	98
5b65cbd5	fergus-hume/the-mystery-of-a-hansom-cab	2022-10-04	2022-10-10	The Mystery of a Hansom Cab	Fergus Hume	40958	4985	496	470	812	1070	1067	750	57	70	81	90	96	99
4a95346e	ford-madox-ford/a-man-could-stand-up	2022-10-04	2022-10-10	A Man Could Stand Up—	Ford Madox Ford	33377	5291	490	451	786	1040	1084	871	53	65	75	85	93	98
223a2131	ford-madox-ford/no-more-parades	2022-10-04	2022-10-10	No More Parades	Ford Madox Ford	40261	5760	494	472	805	1158	1184	965	54	66	77	86	94	98
1d51203f	ford-madox-ford/some-do-not	2022-10-04	2022-10-10	Some Do Not …	Ford Madox Ford	53784	6861	496	472	871	1292	1488	1311	57	68	78	87	94	98
130ac6e5	ford-madox-ford/the-good-soldier	2022-10-04	2022-10-10	The Good Soldier	Ford Madox Ford	33980	4922	494	462	766	1092	954	751	58	69	81	90	96	99
c233de13	foreman-peter/a-twentieth-century-malady	2022-10-04	2022-10-10	A Twentieth-century Malady	Foreman Peter	1313	498	240	69	69	62	28	17	64	75	84	91	96	99
8d6fb8a4	foreman-peter/god-s-secret	2022-10-04	2022-10-10	God's Secret	Foreman Peter	1066	430	220	59	60	43	27	12	66	76	87	93	97	99
7bc6383b	foreman-peter/jack-the-ripper	2022-10-04	2022-10-10	Jack the Ripper	Foreman Peter	3953	1084	338	176	199	163	113	63	53	69	81	89	95	98
e1c70d99	foreman-peter/the-boy-who-couldn-t-sleep	2022-10-04	2022-10-10	The Boy Who Couldn't Sleep	Foreman Peter	1530	483	254	75	51	49	30	12	68	78	86	92	98	100
a5f234d	frances-eliza-burnett/little-lord-fauntleroy	2022-10-04	2022-10-10	Little Lord Fauntleroy	Frances Eliza Burnett	7181	1610	437	285	320	278	176	90	65	75	84	93	98	100
c2bf474d	frances-ellen-watkins-harper/iola-leroy	2022-10-04	2022-10-10	Iola Leroy	Frances Ellen Watkins Harper	34477	4848	492	457	774	1012	1012	791	54	65	77	87	94	99
e943cde0	frances-hodgson-burnett/little-lord-fauntleroy	2022-10-04	2022-10-10	Little Lord Fauntleroy	Frances Hodgson Burnett	27097	3162	486	425	615	685	521	314	63	74	83	92	97	100
71a6ae88	frances-hodgson-burnett/the-secret-garden	2022-10-04	2022-10-10	The Secret Garden	Frances Hodgson Burnett	37653	3286	481	410	561	673	597	382	65	77	86	93	97	100
83c3d908	francisco-de-quevedo/pablo-de-segovia-the-spanish-sharper	2022-10-04	2022-10-10	Pablo de Segovia, the Spanish Sharper	Francisco de Quevedo	28143	4696	492	443	758	958	980	711	54	66	78	87	94	99
b7274343	frank-connor/my-oedipus-complex	2022-10-04	2022-10-10	My Oedipus Complex	Frank Connor	1497	577	281	107	88	59	27	9	69	80	90	95	99	100
7aa0d2c8	frank-norris/mc-teague	2022-10-04	2022-10-10	McTeague	Frank Norris	56449	6050	493	464	823	1225	1394	1055	53	65	76	86	95	98
6380d56e	frank-tilsley/the-dream	2022-10-04	2022-10-10	The Dream	Frank Tilsley	824	358	205	71	40	28	10	3	63	81	89	95	100	100
3273d73b	frank-w-abagnale/catch-me-if-you-can	2022-10-04	2022-10-10	Catch Me If You Can	Frank W. Abagnale	24754	3025	479	377	564	579	422	323	50	61	77	87	93	98
d27a3a96	frazier-charles/cold-mountain	2022-10-04	2022-10-10	Cold Mountain	Frazier Charles	14553	1687	460	339	388	280	121	67	65	79	89	94	99	100
373d3718	frederick-douglass/narrative-of-the-life-of-frederick-douglass	2022-10-04	2022-10-10	Narrative of the Life of Frederick Douglass	Frederick Douglass	19362	3773	482	412	678	826	741	459	52	64	77	88	94	99
2d083def	frederick-forsyth/the-emperor	2022-10-04	2022-10-10	The Emperor	Frederick Forsyth	1702	506	248	73	69	63	30	10	55	73	82	91	97	98
937e7ce0	freeman-wills-crofts/the-cask	2022-10-04	2022-10-10	The Cask	Freeman Wills Crofts	51527	4524	490	452	759	932	936	678	57	71	82	91	96	100
8da3fbf0	freeman-wills-crofts/the-pit-prop-syndicate	2022-10-04	2022-10-10	The Pit-Prop Syndicate	Freeman Wills Crofts	45876	4816	486	451	754	1018	1009	756	54	67	79	88	95	99
c758dcd2	friedrich-nietzsche/beyond-good-and-evil	2022-10-04	2022-10-10	Beyond Good and Evil	Friedrich Nietzsche	31664	5576	465	406	711	982	1146	1087	43	54	69	81	90	97
37a009d9	friedrich-nietzsche/thus-spake-zarathustra	2022-10-04	2022-10-10	Thus Spake Zarathustra	Friedrich Nietzsche	43645	5101	475	404	669	973	1107	891	54	64	75	85	94	99
c7e0fb4e	fritz-leiber/short-fiction	2022-10-04	2022-10-10	Short Fiction	Fritz Leiber	93061	9795	497	484	916	1524	2038	2156	50	61	72	83	91	97
441c4e61	fritz-leiber/the-big-time	2022-10-04	2022-10-10	The Big Time	Fritz Leiber	18932	3888	474	404	587	716	732	512	54	65	74	83	92	97
cfc87f6f	fyodor-dostoevsky/crime-and-punishment	2022-10-04	2022-10-10	Crime and Punishment	Fyodor Dostoevsky	91578	6531	494	475	893	1355	1613	1244	60	71	83	91	97	100
5eff20a7	fyodor-dostoevsky/notes-from-underground	2022-10-04	2022-10-10	Notes from Underground	Fyodor Dostoevsky	19604	3609	476	408	644	768	684	445	57	68	79	89	96	99
43fb4fde	fyodor-dostoevsky/poor-folk	2022-10-04	2022-10-10	Poor Folk	Fyodor Dostoevsky	24485	3969	485	429	703	858	770	517	58	69	82	91	97	99
27b9bdd7	fyodor-dostoevsky/the-brothers-karamazov	2022-10-04	2022-10-10	The Brothers Karamazov	Fyodor Dostoevsky	154497	8139	495	482	937	1576	2072	1854	60	71	83	91	97	100
b6dc14d9	fyodor-dostoevsky/the-gambler	2022-10-04	2022-10-10	The Gambler	Fyodor Dostoevsky	26891	3986	479	423	705	844	749	548	57	69	80	89	95	99
bcb0e534	fyodor-dostoevsky/the-idiot	2022-10-04	2022-10-10	The Idiot	Fyodor Dostoevsky	109002	6779	497	484	923	1480	1668	1269	63	75	86	93	98	100
d3f555ae	fyodor-sologub/short-fiction	2022-10-04	2022-10-10	Short Fiction	Fyodor Sologub	47414	5728	492	466	850	1189	1345	1005	55	68	79	89	96	99
75217239	fyodor-sologub/the-created-legend	2022-10-04	2022-10-10	The Created Legend	Fyodor Sologub	35075	5138	485	460	787	1099	1120	816	52	65	77	88	95	99
ecb49079	fyodor-sologub/the-little-demon	2022-10-04	2022-10-10	The Little Demon	Fyodor Sologub	45561	5349	491	459	806	1115	1165	873	55	67	79	89	95	99
5d985f3a	g-k-chesterton/heretics	2022-10-04	2022-10-10	Heretics	G. K. Chesterton	30737	5083	477	436	714	952	1089	865	47	58	72	83	92	98
dfa33ec9	g-k-chesterton/orthodoxy	2022-10-04	2022-10-10	Orthodoxy	G. K. Chesterton	30638	4919	485	439	713	985	980	845	48	60	73	84	92	98
e92d6706	g-k-chesterton/the-club-of-queer-trades	2022-10-04	2022-10-10	The Club of Queer Trades	G. K. Chesterton	21924	4272	489	426	686	895	872	620	54	65	76	86	95	99
8f955fdf	g-k-chesterton/the-innocence-of-father-brown	2022-10-04	2022-10-10	The Innocence of Father Brown	G. K. Chesterton	40272	5842	497	469	823	1221	1333	995	54	66	77	87	95	99
12badab7	g-k-chesterton/the-man-who-was-thursday	2022-10-04	2022-10-10	The Man Who Was Thursday	G. K. Chesterton	28611	4777	487	460	741	1018	1029	734	52	65	77	88	95	99
855fce65	g-k-chesterton/the-napoleon-of-notting-hill	2022-10-04	2022-10-10	The Napoleon of Notting Hill	G. K. Chesterton	27225	4749	488	462	761	1012	989	692	52	64	75	86	94	99
709720dc	g-k-chesterton/the-wisdom-of-father-brown	2022-10-04	2022-10-10	The Wisdom of Father Brown	G. K. Chesterton	36295	5777	497	473	823	1227	1271	989	53	66	77	87	94	98
5416c2fa	gallico-paul/the-silver-swans	2022-10-04	2022-10-10	The Silver Swans	Gallico Paul	1756	487	284	73	62	34	18	7	72	82	91	95	97	99
8990ef81	gallico-paul/the-snow-goose	2022-10-04	2022-10-10	The Snow Goose	Gallico Paul	2550	560	294	102	84	44	18	13	62	77	89	93	97	99
aefbdebb	gammack-j-e/the-last-unicorn	2022-10-04	2022-10-10	The Last Unicorn	Gammack J. E.	2357	738	293	132	107	88	57	37	59	72	80	90	95	99
740ecfdf	gaston-leroux/the-phantom-of-the-opera	2022-10-04	2022-10-10	The Phantom of the Opera	Gaston Leroux	37205	4458	492	453	797	1009	917	575	57	70	82	92	97	99
6bb7a150	gayle-tiller/death-of-the-eviction-man	2022-10-04	2022-10-10	Death of the Eviction Man	Gayle Tiller	11861	2139	431	263	360	361	287	219	54	65	76	84	91	96
dc3b7b2a	geoffrey-chaucer/the-canterbury-tales	2022-10-04	2022-10-10	The Canterbury Tales	Geoffrey Chaucer	3008	367	227	52	51	18	10	7	79	87	93	96	98	100
3beec206	george-bernard-shaw/arms-and-the-man	2022-10-04	2022-10-10	Arms and the Man	George Bernard Shaw	11359	2803	460	366	502	551	468	311	56	68	78	88	95	99
a1012f41	george-bernard-shaw/major-barbara	2022-10-04	2022-10-10	Major Barbara	George Bernard Shaw	21959	4547	484	426	710	924	904	710	50	61	73	85	93	98
6c42205c	george-bernard-shaw/man-and-superman	2022-10-04	2022-10-10	Man and Superman	George Bernard Shaw	39713	6772	496	477	863	1299	1489	1325	47	59	71	82	92	98
242f5e70	george-bernard-shaw/pygmalion	2022-10-04	2022-10-10	Pygmalion	George Bernard Shaw	15250	3248	476	380	590	676	545	367	57	68	79	87	94	98
9ca34a85	george-borrow/lavengro	2022-10-04	2022-10-10	Lavengro	George Borrow	186277	10498	497	493	969	1783	2610	2587	56	67	79	88	95	99
5f81d0d0	george-eliot/daniel-deronda	2022-10-04	2022-10-10	Daniel Deronda	George Eliot	142213	9895	498	486	962	1673	2391	2429	55	67	78	88	95	99
98a7d99	george-eliot/middlemarch	2022-10-04	2022-10-10	Middlemarch	George Eliot	146342	10241	497	488	950	1706	2455	2555	56	68	78	88	95	99
d3bdb4cf	george-eliot/silas-marner	2022-10-04	2022-10-10	Silas Marner	George Eliot	32833	4959	488	448	767	1055	1068	785	57	68	79	89	95	99
a9c06241	george-eliot/the-mill-on-the-floss	2022-10-04	2022-10-10	The Mill on the Floss	George Eliot	97490	8111	497	482	918	1541	1965	1762	57	69	80	90	95	99
551eaaa8	george-gibson/pecos-bill	2022-10-04	2022-10-10	Pecos Bill	George Gibson	738	262	142	38	40	19	13	5	50	68	76	82	90	93
562349fe	george-gibson/the-legend-of-johnny-appleseed	2022-10-04	2022-10-10	The Legend of Johnny Appleseed	George Gibson	576	269	140	31	45	32	11	7	52	61	75	91	98	100
73b9ba4c	george-gibson/the-tale-of-brer-rabbit-and-the-tar-baby	2022-10-04	2022-10-10	The Tale of Brer Rabbit and the Tar Baby	George Gibson	594	199	113	24	23	27	5	7	50	59	68	90	97	100
214ad22b	george-gissing/new-grub-street	2022-10-04	2022-10-10	New Grub Street	George Gissing	85896	7014	493	473	893	1386	1673	1406	58	70	80	89	96	99
aa1f09a8	george-mac-donald/lilith	2022-10-04	2022-10-10	Lilith	George MacDonald	44479	4864	489	441	758	1045	1065	724	59	71	83	91	97	99
ef36a2e7	george-mac-donald/phantastes	2022-10-04	2022-10-10	Phantastes	George MacDonald	33538	4584	485	432	742	1005	990	647	55	68	81	90	97	99
ab9e49d	george-mac-donald/the-princess-and-the-goblin	2022-10-04	2022-10-10	The Princess and the Goblin	George MacDonald	23372	2934	476	407	594	635	479	265	63	76	87	94	98	100
76f5e05d	george-meredith/the-shaving-of-shagpat	2022-10-04	2022-10-10	The Shaving of Shagpat	George Meredith	40113	5215	471	420	726	1053	1220	894	43	58	71	85	94	99
dac7c4af	george-mikes/how-to-be-an-alien	2022-10-04	2022-10-10	How to be an Alien	George Mikes	4057	851	338	144	137	96	66	38	61	76	87	94	97	99
9e5ad728	george/the-doll	2022-10-04	2022-10-10	The Doll	George	1832	505	289	93	61	38	22	2	73	87	93	97	100	100
4566e226	gertrude-stein/three-lives	2022-10-04	2022-10-10	Three Lives	Gertrude Stein	39289	2344	462	349	476	462	325	195	75	82	90	95	99	100
cfd8f6ce	gilbert-harry/the-year-of-sharing	2022-10-04	2022-10-10	The Year of Sharing	Gilbert Harry	3095	499	280	87	79	28	19	4	71	83	93	96	100	100
648b7ae2	gill-harvey/not-without-you	2022-10-04	2022-10-10	Not Without You	Gill Harvey	10646	1419	418	254	301	209	135	64	64	76	86	92	95	99
d3f5120e	gillian-larkin/the-butterworth-mystery	2022-10-04	2022-10-10	The Butterworth Mystery	Gillian Larkin	4275	888	360	162	147	105	58	35	59	76	85	92	97	99
cb293809	gina-d-b-clemen/ghastly-ghosts	2022-10-04	2022-10-10	Ghastly Ghosts	Gina D. B. Clemen	2124	672	274	94	114	87	59	29	54	65	81	89	96	99
e5142d3e	giovanni-boccaccio/the-decameron	2022-10-04	2022-10-10	The Decameron	Giovanni Boccaccio	130820	7263	490	474	836	1276	1553	1567	57	66	77	87	94	99
893ab70d	goyer-s-david/batman-begins	2022-10-04	2022-10-10	Batman Begins	Goyer S. David	3531	598	310	95	93	55	31	8	62	74	83	89	97	99
8cc5ff0c	graeme-lay/the-jacket	2022-10-04	2022-10-10	The Jacket	Graeme Lay	1957	564	282	100	73	53	27	15	66	79	87	93	96	99
3760b7b5	grazia-deledda/after-the-divorce	2022-10-04	2022-10-10	After the Divorce	Grazia Deledda	38407	4941	489	452	808	1099	1142	718	57	70	81	90	96	100
f5ff1482	gustave-flaubert/madame-bovary	2022-10-04	2022-10-10	Madame Bovary	Gustave Flaubert	15420	2066	474	372	465	429	197	96	66	80	91	97	99	100
23468c10	gustave-flaubert/short-fiction	2022-10-04	2022-10-10	Short Fiction	Gustave Flaubert	19108	4649	491	442	749	1012	980	684	45	59	72	85	93	99
1dd3e15e	gustave-le-bon/the-crowd	2022-10-04	2022-10-10	The Crowd	Gustave Le Bon	27036	4293	454	378	638	835	901	717	37	53	69	82	92	98
cb9f0bc0	guy-boothby/a-bid-for-fortune	2022-10-04	2022-10-10	A Bid for Fortune	Guy Boothby	40352	4904	492	469	813	1107	1081	662	60	73	83	92	97	100
d8c258c1	guy-de-maupassant/pierre-and-jean	2022-10-04	2022-10-10	Pierre and Jean	Guy de Maupassant	21989	4039	488	432	721	897	820	504	57	68	79	90	96	99
9761efe7	h-beam-piper/four-day-planet	2022-10-04	2022-10-10	Four-Day Planet	H. Beam Piper	27297	3815	478	380	588	690	715	528	55	66	76	85	92	98
a63db33c	h-beam-piper/little-fuzzy	2022-10-04	2022-10-10	Little Fuzzy	H. Beam Piper	28556	4231	482	413	633	808	762	606	52	63	74	83	91	97
78c62e9e	h-beam-piper/murder-in-the-gunroom	2022-10-04	2022-10-10	Murder in the Gunroom	H. Beam Piper	33201	4700	488	421	681	871	913	710	52	63	74	83	93	98
94c8aeea	h-beam-piper/space-viking	2022-10-04	2022-10-10	Space Viking	H. Beam Piper	31170	4657	488	429	683	911	921	677	52	63	73	84	91	97
46537171	h-beam-piper/the-cosmic-computer	2022-10-04	2022-10-10	The Cosmic Computer	H. Beam Piper	31216	4358	479	402	639	817	813	631	52	63	73	82	92	97
63d0e20a	h-g-wells/island-of-dr-moreau	2022-10-04	2022-10-10	Island of Dr Moreau	H. G. Wells	6422	906	370	181	164	105	45	29	67	82	91	95	97	100
64f82a35	h-g-wells/kipps	2022-10-04	2022-10-10	Kipps	H. G. Wells	52930	7097	497	474	888	1390	1618	1395	54	66	77	87	94	98
1ff5e42b	h-g-wells/short-fiction	2022-10-04	2022-10-10	Short Fiction	H. G. Wells	146107	10903	498	493	959	1738	2602	2716	53	65	76	86	94	98
4c256f0f	h-g-wells/the-history-of-mr-polly	2022-10-04	2022-10-10	The History of Mr. Polly	H. G. Wells	34963	6115	494	463	810	1227	1368	1080	52	63	74	84	93	98
3d6f4636	h-g-wells/the-invisible-man	2022-10-04	2022-10-10	The Invisible Man	H. G. Wells	10538	1363	450	294	280	183	96	37	67	82	91	97	99	100
a78f5d09	h-g-wells/the-island-of-doctor-moreau	2022-10-04	2022-10-10	The Island of Doctor Moreau	H. G. Wells	22014	3991	470	400	601	822	841	587	52	65	75	85	93	99
7e3f9e2	h-g-wells/the-stolen-body	2022-10-04	2022-10-10	The Stolen Body	H. G. Wells	1576	594	289	108	88	67	25	12	64	78	86	92	95	100
fbcbfbad	h-g-wells/the-time-machine	2022-10-04	2022-10-10	The Time Machine	H. G. Wells	16140	3574	460	393	562	747	718	451	52	64	76	87	95	99
7f6067f8	h-g-wells/the-war-of-the-worlds	2022-10-04	2022-10-10	The War Of The Worlds	H. G. Wells	13783	1824	465	334	395	312	185	99	62	77	88	94	98	100
7567f5d6	h-g-wells/the-wonderful-visit	2022-10-04	2022-10-10	The Wonderful Visit	H. G. Wells	19465	3907	489	394	625	773	750	609	54	65	77	87	94	99
e8cedb04	h-g-wells/the-world-set-free	2022-10-04	2022-10-10	The World Set Free	H. G. Wells	33110	6236	487	474	828	1197	1385	1148	46	58	70	82	92	97
f8fae599	h-g-wells/time-machine	2022-10-04	2022-10-10	Time Machine	H. G. Wells	10452	1429	433	285	296	207	119	61	66	81	91	96	99	100
575d64f5	h-g-wells/tono-bungay	2022-10-04	2022-10-10	Tono-Bungay	H. G. Wells	66189	8578	496	488	909	1527	1973	1927	53	64	75	85	93	98
2990c14f	h-p-lovecraft/short-fiction	2022-10-04	2022-10-10	Short Fiction	H. P. Lovecraft	69140	9002	496	482	930	1500	2053	2022	44	55	68	80	90	97
1252c1fa	h-rider-haggard/allan-quatermain	2022-10-04	2022-10-10	Allan Quatermain	H. Rider Haggard	51006	5819	496	482	886	1326	1363	894	55	68	81	90	96	99
7c41338e	h-rider-haggard/king-solomon-s-mines	2022-10-04	2022-10-10	King Solomon’s Mines	H. Rider Haggard	39775	4915	493	466	814	1147	1076	635	56	69	82	91	97	99
bd11462a	h-rider-haggard/she	2022-10-04	2022-10-10	She	H. Rider Haggard	52178	5757	495	467	857	1273	1280	970	55	67	80	89	96	99
71aeacf3	hans-christian-andersen/five-famous-fairy-tales	2022-10-04	2022-10-10	Five Famous Fairy Tales	Hans Christian Andersen	4919	495	277	86	78	33	11	8	73	86	95	98	100	100
16b691f3	harold-frederic/the-damnation-of-theron-ware	2022-10-04	2022-10-10	The Damnation of Theron Ware	Harold Frederic	57619	7561	494	476	894	1440	1798	1641	53	64	76	86	94	99
f7f7cd15	harper-lee/to-kill-a-mockingbird	2022-10-04	2022-10-10	To kill a Mockingbird	Harper Lee	23835	2832	480	368	534	591	440	251	61	72	79	87	95	99
74a90761	harriet-beecher-stowe/uncle-tom-s-cabin	2022-10-04	2022-10-10	Uncle Tom’s Cabin	Harriet Beecher Stowe	87506	7595	496	487	923	1542	1915	1587	58	69	80	89	96	99
58a4879b	harriet-e-wilson/our-nig	2022-10-04	2022-10-10	Our Nig	Harriet E. Wilson	12187	3030	470	381	558	627	554	348	53	65	79	89	96	100
9bd76b1e	harris-william/dangerous-game	2022-10-04	2022-10-10	Dangerous Game	Harris William	8215	679	351	140	103	57	22	4	73	86	94	97	100	100
61ac5cf5	helen-keller/the-story-of-my-life	2022-10-04	2022-10-10	The Story of My Life	Helen Keller	65371	6363	498	483	895	1346	1483	1129	56	68	79	89	96	99
f3aa98b6	helen-parker/amazing-women	2022-10-04	2022-10-10	Amazing Women	Helen Parker	3444	703	278	108	119	95	47	31	56	69	82	91	95	98
9d6676b7	henrik-ibsen/a-doll-s-house	2022-10-04	2022-10-10	A Doll’s House	Henrik Ibsen	10852	1839	449	300	373	346	198	134	69	80	89	95	98	100
5a89f413	henrik-ibsen/ghosts	2022-10-04	2022-10-10	Ghosts	Henrik Ibsen	11299	2343	468	332	463	438	324	230	63	72	81	88	95	99
6d42efb9	henrik-ibsen/hedda-gabler	2022-10-04	2022-10-10	Hedda Gabler	Henrik Ibsen	12804	2377	464	349	445	475	356	206	66	77	85	93	97	100
2ac4d8bc	henry-adams/democracy	2022-10-04	2022-10-10	Democracy	Henry Adams	33264	5116	494	467	831	1121	1084	808	53	65	78	88	95	99
5084795b	henry-david-thoreau/a-week-on-the-concord-and-merrimack-rivers	2022-10-04	2022-10-10	A Week on the Concord and Merrimack Rivers	Henry David Thoreau	56665	7879	495	476	892	1478	1817	1725	45	57	71	83	92	98
a9a39bc2	henry-david-thoreau/essays	2022-10-04	2022-10-10	Essays	Henry David Thoreau	114036	10638	497	491	963	1701	2550	2614	46	59	72	84	93	98
13af05d9	henry-david-thoreau/walden	2022-10-04	2022-10-10	Walden	Henry David Thoreau	51826	7249	494	477	888	1370	1647	1491	47	59	73	85	93	98
6a73c18f	henry-fielding/the-history-of-tom-jones-a-foundling	2022-10-04	2022-10-10	The History of Tom Jones, a Foundling	Henry Fielding	160180	7922	498	488	906	1472	1893	1808	54	66	81	91	97	100
f656ebab	henry-fielding/tom-jones	2022-10-04	2022-10-10	Tom Jones	Henry Fielding	12287	1577	471	324	367	265	96	43	65	81	90	97	100	100
5eda3417	henry-george/progress-and-poverty	2022-10-04	2022-10-10	Progress and Poverty	Henry George	86218	7076	492	455	831	1263	1588	1537	39	53	71	85	94	98
a3d4d82f	henry-james/the-ambassadors	2022-10-04	2022-10-10	The Ambassadors	Henry James	71671	6280	490	460	834	1233	1377	1215	60	72	82	90	96	99
9e6f95b	henry-james/the-golden-bowl	2022-10-04	2022-10-10	The Golden Bowl	Henry James	91352	7081	493	472	870	1346	1581	1482	59	70	81	90	96	99
97a136db	henry-james/the-turn-of-the-screw	2022-10-04	2022-10-10	The Turn of the Screw	Henry James	18733	3400	475	406	614	716	628	424	60	73	83	91	97	100
581f95ca	henry-james/the-wings-of-the-dove	2022-10-04	2022-10-10	The Wings of the Dove	Henry James	83688	6610	491	461	846	1305	1435	1330	60	72	83	91	96	99
a2735965	henry-lawson/while-the-billy-boils	2022-10-04	2022-10-10	While the Billy Boils	Henry Lawson	41409	4990	493	460	771	1012	1067	765	56	67	78	88	94	98
6afb6d40	henryk-sienkiewicz/pan-michael	2022-10-04	2022-10-10	Pan Michael	Henryk Sienkiewicz	93876	5987	494	474	848	1315	1424	1035	53	67	80	90	97	100
7e31f95a	henryk-sienkiewicz/quo-vadis	2022-10-04	2022-10-10	Quo Vadis	Henryk Sienkiewicz	95598	6139	487	457	850	1270	1413	1111	53	66	79	89	96	99
b5f7f3bb	henryk-sienkiewicz/the-deluge	2022-10-04	2022-10-10	The Deluge	Henryk Sienkiewicz	219902	7991	498	481	911	1535	2005	1741	54	67	80	90	97	100
cff1d394	henryk-sienkiewicz/with-fire-and-sword	2022-10-04	2022-10-10	With Fire and Sword	Henryk Sienkiewicz	136163	6942	496	477	889	1440	1754	1335	53	67	80	90	97	100
e99e5a0e	herdon-tim/the-bird-of-happiness-and-other-wise-tales	2022-10-04	2022-10-10	The Bird of Happiness and Other Wise Tales	Herdon Tim	4258	652	324	117	98	67	29	13	72	84	93	97	99	100
1667e895	herman-melville/moby-dick	2022-10-04	2022-10-10	Moby Dick	Herman Melville	5437	1181	387	198	228	200	98	46	58	69	79	91	96	99
198e16cb	herman-melville/short-fiction	2022-10-04	2022-10-10	Short Fiction	Herman Melville	69189	9419	497	488	926	1618	2238	2207	47	58	69	82	91	97
6095e920	hermann-hesse/siddhartha	2022-10-04	2022-10-10	Siddhartha	Hermann Hesse	18349	2606	458	351	485	502	434	254	60	71	81	88	96	99
56a35901	herminie-templeton-kavanagh/darby-o-gill-and-the-good-people	2022-10-04	2022-10-10	Darby O’Gill and the Good People	Herminie Templeton Kavanagh	23535	2948	457	355	493	610	498	322	60	71	80	89	94	98
29771282	hilaire-belloc/the-servile-state	2022-10-04	2022-10-10	The Servile State	Hilaire Belloc	19862	3047	415	308	516	616	535	420	40	54	69	82	92	98
d707c8ea	homer/the-iliad	2022-10-04	2022-10-10	The Iliad	Homer	80343	5021	469	399	666	1024	1107	920	43	55	69	84	94	99
c70f81cd	homer/the-odyssey	2022-10-04	2022-10-10	The Odyssey	Homer	60099	4612	472	395	657	941	1005	797	49	60	72	87	94	99
3ec3a621	honor-de-balzac/father-goriot	2022-10-04	2022-10-10	Father Goriot	Honoré de Balzac	47458	6149	496	473	878	1318	1405	1113	57	68	79	90	96	99
1cdfbd03	hope-mirrlees/lud-in-the-mist	2022-10-04	2022-10-10	Lud-in-the-Mist	Hope Mirrlees	42811	5909	490	457	814	1170	1331	1134	52	63	74	84	93	98
ddcae835	hopkins-andy/oxford	2022-10-04	2022-10-10	Oxford	Hopkins Andy	1749	525	208	78	76	62	52	30	52	64	78	91	96	99
cd2d5	horace-walpole/the-castle-of-otranto	2022-10-04	2022-10-10	The Castle of Otranto	Horace Walpole	16731	3219	464	369	578	686	606	410	48	61	76	87	96	100
c0e004e4	howard-robert/conan-the-barbarian-red-nails	2022-10-04	2022-10-10	Conan the Barbarian: Red Nails	Howard Robert	5750	952	375	179	165	127	63	25	64	78	88	95	98	100
8700cf42	hugh-lofting/the-voyages-of-doctor-dolittle	2022-10-04	2022-10-10	The Voyages of Doctor Dolittle	Hugh Lofting	35777	3867	490	429	667	848	737	462	62	74	84	91	96	99
a37b79c5	hugh-walpole/the-dark-forest	2022-10-04	2022-10-10	The Dark Forest	Hugh Walpole	43451	4700	491	468	791	1091	961	650	59	73	84	92	98	100
d80f60b1	hugh-walpole/the-secret-city	2022-10-04	2022-10-10	The Secret City	Hugh Walpole	57454	5552	496	481	852	1205	1211	918	60	72	82	91	97	100
acdf7202	hunter-s-thompson/fear-and-loathing-in-las-vegas	2022-10-04	2022-10-10	Fear and Loathing in Las Vegas	Hunter S. Thompson	14635	2186	443	298	397	370	300	189	56	67	78	86	93	97
e2b257ca	ian-rankin/being-frank	2022-10-04	2022-10-10	Being Frank	Ian Rankin	2020	824	302	124	120	104	83	49	58	68	79	86	92	98
74f50cdf	ian-rankin/playback	2022-10-04	2022-10-10	Playback	Ian Rankin	3281	1203	357	163	204	172	142	99	50	62	75	82	89	98
aedd52f	ira-levin/a-kiss-before-dying	2022-10-04	2022-10-10	A Kiss Before Dying	Ira Levin	8655	1045	395	178	176	140	77	43	65	76	85	90	96	98
581221a9	irene-trimble/at-the-world-s-end	2022-10-04	2022-10-10	At the World's End	Irene Trimble	6623	773	351	151	114	78	43	20	58	70	82	92	96	99
409b2a85	irene-trimble/pirates-of-the-caribbean-dead-man-s-chest-trimble	2022-10-04	2022-10-10	Pirates of the Caribbean - Dead Man's Chest - Trimble	Irene Trimble	6423	785	358	153	138	68	34	22	59	71	88	94	97	98
7afae220	irene-trimble/the-curse-of-the-black-pearl	2022-10-04	2022-10-10	The Curse of the Black Pearl	Irene Trimble	3515	432	243	65	66	31	14	4	64	73	86	94	97	98
5a8c09c6	ivan-bunin/short-fiction	2022-10-04	2022-10-10	Short Fiction	Ivan Bunin	47920	6567	494	477	841	1272	1510	1268	53	64	76	86	94	98
5d7c205c	ivan-turgenev/fathers-and-children	2022-10-04	2022-10-10	Fathers and Children	Ivan Turgenev	34242	5118	492	459	830	1144	1124	759	57	69	81	90	96	99
8bc0eabe	j-m-barrie/peter-and-wendy	2022-10-04	2022-10-10	Peter and Wendy	J. M. Barrie	22116	3585	486	411	632	712	672	467	58	71	80	89	95	99
e65ee8c6	j-m-barrie/peter-pan	2022-10-04	2022-10-10	Peter Pan	J. M. Barrie	1708	407	206	76	56	36	16	13	60	77	85	94	98	100
fcb30b80	j-m-barrie/the-little-white-bird	2022-10-04	2022-10-10	The Little White Bird	J. M. Barrie	29817	4556	496	438	734	947	937	693	59	70	80	90	96	99
70c77751	j-m-synge/the-playboy-of-the-western-world	2022-10-04	2022-10-10	The Playboy of the Western World	J. M. Synge	9194	2028	413	263	340	353	335	210	54	66	78	87	93	98
586a9a57	j-r-r-tolkien/hobbit-or-there-and-back-again	2022-10-04	2022-10-10	Hobbit or There and Back Again	J. R. R. Tolkien	29370	3378	469	411	608	748	667	324	58	72	82	91	97	100
d9cb9fd5	j-s-fletcher/scarhaven-keep	2022-10-04	2022-10-10	Scarhaven Keep	J. S. Fletcher	34376	4119	490	436	696	886	778	589	61	73	83	92	97	100
a02a8f9b	j-s-fletcher/the-charing-cross-mystery	2022-10-04	2022-10-10	The Charing Cross Mystery	J. S. Fletcher	33859	3640	481	419	654	771	690	427	62	75	85	93	97	100
356914b1	j-s-fletcher/the-middle-temple-murder	2022-10-04	2022-10-10	The Middle Temple Murder	J. S. Fletcher	34504	4016	488	439	702	883	747	542	61	74	83	91	96	100
e635b8de	j-sheridan-le-fanu/in-a-glass-darkly	2022-10-04	2022-10-10	In a Glass Darkly	J. Sheridan Le Fanu	53650	6532	496	487	892	1372	1606	1195	54	67	79	89	96	99
2d7bc0ee	j-sheridan-le-fanu/uncle-silas	2022-10-04	2022-10-10	Uncle Silas	J. Sheridan Le Fanu	76261	7476	495	489	905	1474	1818	1609	56	69	80	88	95	99
bf2f689f	j-w-von-goethe/the-sorrows-of-young-werther	2022-10-04	2022-10-10	The Sorrows of Young Werther	J. W. von Goethe	19747	3688	489	431	697	848	725	398	52	65	80	92	97	100
88745237	jack-cope/ekaterina	2022-10-04	2022-10-10	Ekaterina	Jack Cope	1483	615	312	107	85	58	28	17	66	79	87	95	98	100
39068844	jack-london/lost-face	2022-10-04	2022-10-10	Lost Face	Jack London	19721	3654	479	415	652	734	694	468	51	65	77	87	94	99
7aa97da6	jack-london/martin-eden	2022-10-04	2022-10-10	Martin Eden	Jack London	65377	7682	494	481	903	1419	1781	1626	50	62	75	85	93	98
b129ce91	jack-london/the-call-of-the-wild	2022-10-04	2022-10-10	The Call of the Wild	Jack London	16297	3513	466	386	560	683	719	479	46	59	71	84	93	98
82d2940b	jack-london/the-iron-heel	2022-10-04	2022-10-10	The Iron Heel	Jack London	41952	6181	492	463	843	1221	1363	1147	46	59	73	84	93	98
a4e0e2ed	jack-london/the-law-of-life	2022-10-04	2022-10-10	The Law of Life	Jack London	739	343	186	59	47	30	9	10	64	76	87	94	97	100
d82983d0	jack-london/the-sea-wolf	2022-10-04	2022-10-10	The Sea-Wolf	Jack London	49917	6270	486	460	838	1190	1472	1171	50	62	75	86	93	98
d3579365	jack-london/the-son-of-the-wolf	2022-10-04	2022-10-10	The Son of the Wolf	Jack London	24140	4638	489	444	702	933	954	729	51	63	75	85	93	98
cdeeea50	jack-london/when-god-laughs	2022-10-04	2022-10-10	When God Laughs	Jack London	24440	4649	486	445	734	923	986	712	51	64	76	86	94	98
e7c7eee8	jack-london/white-fang	2022-10-04	2022-10-10	White Fang	Jack London	36218	4675	478	430	694	914	1001	794	49	62	74	84	94	99
7cbdbdd8	jack-ritchie/the-absence-of-emily	2022-10-04	2022-10-10	The Absence of Emily	Jack Ritchie	835	409	231	65	64	33	10	4	68	79	90	97	99	100
861359b2	jackee-budesta-batanda/dora-s-turn	2022-10-04	2022-10-10	Dora's Turn	Jackee Budesta Batanda	395	217	144	35	16	15	3	1	71	86	91	98	99	99
2f75e9c7	jackee-budesta-batanda/remember-atita	2022-10-04	2022-10-10	Remember Atita	Jackee Budesta Batanda	1384	493	265	97	60	32	22	5	67	81	90	94	98	99
519c6c17	jacob-grimm/household-tales	2022-10-04	2022-10-10	Household Tales	Jacob Grimm	130474	5082	493	458	799	1119	1148	775	64	75	85	93	98	100
d3e71d77	jacques-futrelle/the-problem-of-cell-13	2022-10-04	2022-10-10	The Problem Of Cell 13	Jacques Futrelle	4092	758	331	126	126	96	53	14	60	73	85	94	99	100
f0e54baf	james-branch-cabell/domnei	2022-10-04	2022-10-10	Domnei	James Branch Cabell	16602	4276	480	405	641	844	836	681	49	60	72	83	92	98
a602c9ea	james-branch-cabell/jurgen	2022-10-04	2022-10-10	Jurgen	James Branch Cabell	42469	6300	495	460	826	1177	1397	1231	54	65	76	86	93	98
117fca52	james-branch-cabell/the-cream-of-the-jest	2022-10-04	2022-10-10	The Cream of the Jest	James Branch Cabell	21798	5280	491	446	740	946	1048	1003	49	59	71	82	90	97
360351a3	james-courage/after-the-earthquake	2022-10-04	2022-10-10	After the Earthquake	James Courage	1573	518	283	90	77	39	15	10	70	81	89	95	99	100
78655b5f	james-de-mille/a-strange-manuscript-found-in-a-copper-cylinder	2022-10-04	2022-10-10	A Strange Manuscript Found in a Copper Cylinder	James De Mille	40063	4803	489	444	777	1067	1096	659	54	67	80	90	97	99
7bf28b50	james-fenimore-cooper/the-last-of-the-mohicans	2022-10-04	2022-10-10	The Last of the Mohicans	James Fenimore Cooper	72860	6577	489	469	861	1336	1628	1340	44	58	73	86	94	99
a68ab2f9	james-joyce/a-portrait-of-the-artist-as-a-young-man	2022-10-04	2022-10-10	A Portrait of the Artist as a Young Man	James Joyce	41323	6182	497	465	810	1184	1349	1187	51	62	74	85	93	98
e11caf1	james-joyce/dubliners	2022-10-04	2022-10-10	Dubliners	James Joyce	33171	5249	493	463	793	1102	1146	876	58	69	79	88	94	99
69e7c748	james-joyce/poetry	2022-10-04	2022-10-10	Poetry	James Joyce	1771	842	248	108	135	112	119	71	49	62	74	84	93	98
1020e77d	james-ngugi/weep-not-child	2022-10-04	2022-10-10	Weep Not, Child	James Ngugi	5509	920	391	181	168	104	52	16	76	87	94	98	100	100
6ba67fce	james-patterson/private	2022-10-04	2022-10-10	Private	James Patterson	2092	424	219	64	50	37	27	15	59	70	81	88	94	98
ed6b3756	james-stephens/irish-fairy-tales	2022-10-04	2022-10-10	Irish Fairy Tales	James Stephens	28603	4200	482	420	663	895	856	620	56	68	78	88	96	99
db31a45e	james-stephens/the-crock-of-gold	2022-10-04	2022-10-10	The Crock of Gold	James Stephens	25526	4315	486	432	700	899	878	648	57	69	80	89	95	99
7dc79590	james-thurber/the-secret-life-of-walter-mitty	2022-10-04	2022-10-10	The Secret Life of Walter Mitty	James Thurber	570	299	150	47	44	29	17	5	55	68	80	92	98	99
395331d	james-vance-marshall/walkabout	2022-10-04	2022-10-10	Walkabout	James Vance Marshall	4158	483	253	85	71	32	21	10	68	86	95	97	99	100
b1a7ca6f	james-watson/double-helix	2022-10-04	2022-10-10	Double Helix	James Watson	16126	2371	450	332	469	443	302	216	49	61	74	84	90	96
21ba4a44	james-watson/the-ghosts-of-izieu	2022-10-04	2022-10-10	The Ghosts of Izieu	James Watson	3961	787	355	172	136	67	34	14	71	85	93	97	100	100
8fdb7795	james-weldon-johnson/poetry	2022-10-04	2022-10-10	Poetry	James Weldon Johnson	6702	1998	400	256	352	390	345	172	53	65	76	87	95	99
8aa13452	james-weldon-johnson/the-autobiography-of-an-ex-colored-man	2022-10-04	2022-10-10	The Autobiography of an Ex-Colored Man	James Weldon Johnson	25001	4436	491	453	758	958	914	623	54	67	80	89	96	99
1015216c	jan-carew/journey-s-end	2022-10-04	2022-10-10	Journey's End	Jan Carew	639	236	137	39	26	19	9	5	65	83	92	98	99	100
20f281d9	jan-carew/lost-love	2022-10-04	2022-10-10	Lost Love	Jan Carew	503	194	139	24	16	8	5	1	79	91	96	98	99	100
305048c1	jan-carew/the-charm	2022-10-04	2022-10-10	The Charm	Jan Carew	405	157	123	13	10	9	1	1	82	90	97	100	100	100
7b8580bf	jan-carew/the-doll	2022-10-04	2022-10-10	The Doll	Jan Carew	654	201	137	24	22	12	3	3	71	85	90	93	100	100
d714687f	jan-carew/the-other-man	2022-10-04	2022-10-10	The Other Man	Jan Carew	342	122	94	12	7	7	2	0	85	91	95	100	100	100
34a40c9b	jane-austen/emma	2022-10-04	2022-10-10	Emma	Jane Austen	71922	4988	494	446	768	1029	1104	828	62	74	85	92	97	100
9c838b49	jane-austen/mansfield-park	2022-10-04	2022-10-10	Mansfield Park	Jane Austen	72768	5462	495	468	796	1134	1188	1005	59	71	82	91	97	100
13f5bebf	jane-austen/northanger-abbey	2022-10-04	2022-10-10	Northanger Abbey	Jane Austen	35964	4365	486	450	745	944	893	622	58	70	81	91	97	100
a0f61584	jane-austen/persuasion	2022-10-04	2022-10-10	Persuasion	Jane Austen	38449	4128	487	438	720	887	820	561	60	72	84	93	98	100
4841326d	jane-austen/pride-and-prejudice	2022-10-04	2022-10-10	Pride and Prejudice	Jane Austen	55053	4447	486	430	704	908	937	762	58	70	81	91	97	100
7de2ad5b	jane-austen/sense-and-sensibility	2022-10-04	2022-10-10	Sense and Sensibility	Jane Austen	53284	4523	485	431	736	947	954	728	59	71	83	92	97	100
dcbc6823	jane-cammack/the-extraordinary-miss-sunshine	2022-10-04	2022-10-10	The Extraordinary Miss Sunshine	Jane Cammack	2210	673	294	104	97	83	48	29	59	71	81	91	95	98
a0e3f596	jane-rollason/the-fisherman-and-the-giant	2022-10-04	2022-10-10	The Fisherman and the Giant	Jane Rollason	868	255	178	31	26	15	4	1	69	86	93	98	100	100
70358e6f	jane-rollason/the-glass-box	2022-10-04	2022-10-10	The Glass Box	Jane Rollason	1426	307	202	44	37	18	3	2	73	85	93	100	100	100
8e96377b	jane-rollason/the-prince-and-the-servants	2022-10-04	2022-10-10	The Prince and the Servants	Jane Rollason	945	276	174	45	37	14	3	3	76	87	97	100	100	100
fb1c4b19	jane-rollason/the-white-birds	2022-10-04	2022-10-10	The White Birds	Jane Rollason	891	268	191	40	21	13	1	1	77	91	96	98	98	98
25c7fcd2	janet-hardy-gould/henry-viii-and-his-six-wives	2022-10-04	2022-10-10	Henry VIII and His Six Wives	Janet Hardy Gould	2983	524	299	91	70	32	17	11	72	83	94	97	99	100
23832c40	janet-hardy-gould/hollywood	2022-10-04	2022-10-10	Hollywood	Janet Hardy-Gould	3063	667	227	86	80	74	79	47	50	60	68	76	89	96
ce61144	janet-tay-hui-ching/callus	2022-10-04	2022-10-10	Callus	Janet Tay Hui Ching	466	239	158	31	24	17	4	3	74	82	89	96	99	100
6f68400	jean-toomer/cane	2022-10-04	2022-10-10	Cane	Jean Toomer	21507	3818	478	385	581	736	786	553	53	64	76	86	94	99
3efab747	jeanne-marie-leprince-de-beaumont/the-beauty-and-the-beast	2022-10-04	2022-10-10	The Beauty and the Beast	Jeanne Marie Leprince De Beaumont	1814	366	215	58	49	27	12	2	70	89	95	99	99	99
822fb63f	jennifer-bassett/47-ronin-a-samurai-from-japan	2022-10-04	2022-10-10	47 Ronin a Samurai from Japan	Jennifer Bassett	2819	532	287	97	61	47	25	6	69	82	89	94	96	98
1f8d912f	jennifer-bassett/the-watchers	2022-10-04	2022-10-10	The Watchers	Jennifer Bassett	824	208	138	27	18	10	10	2	69	81	90	92	97	98
43bb4b20	jennifer-gascoigne/your-body	2022-10-04	2022-10-10	Your Body	Jennifer Gascoigne	463	167	87	28	19	17	13	0	53	66	84	94	100	100
2df19712	jenny-dooley/blackbeard-s-treasure	2022-10-04	2022-10-10	Blackbeard's Treasure	Jenny Dooley	3092	663	304	138	111	67	24	9	61	75	89	95	98	99
5052ff34	jenny-dooley/count-vlad	2022-10-04	2022-10-10	Count Vlad	Jenny Dooley	7096	1517	430	288	295	233	170	73	63	76	85	91	98	99
851bd4ad	jenny-dooley/hampton-house	2022-10-04	2022-10-10	Hampton House	Jenny Dooley	3274	835	337	150	150	103	60	24	69	80	90	95	98	100
878ee495	jenny-dooley/life-exchange	2022-10-04	2022-10-10	Life Exchange	Jenny Dooley	3443	823	352	148	140	102	48	25	65	76	85	91	99	100
b1ed4ff0	jenny-dooley/orpheus-descending	2022-10-04	2022-10-10	Orpheus Descending	Jenny Dooley	3169	904	364	175	159	101	46	37	59	72	82	87	89	97
6b31d74a	jenny-dooley/simon-decker-and-the-secret-formula	2022-10-04	2022-10-10	Simon Decker and the Secret Formula	Jenny Dooley	2854	645	319	109	88	63	31	20	63	75	82	90	96	99
2df59b20	jenny-dooley/swan-lake	2022-10-04	2022-10-10	Swan lake	Jenny Dooley	2323	578	310	97	93	47	20	11	70	81	92	96	100	100
d77c7fc2	jenny-dooley/the-blue-scarab	2022-10-04	2022-10-10	The Blue Scarab	Jenny Dooley	2583	720	330	123	117	82	28	20	66	77	86	92	94	99
81a4cf17	jerome-k-jerome/three-men-in-a-boat	2022-10-04	2022-10-10	Three men in a boat	Jerome K-Jerome	4694	929	365	166	163	127	69	23	60	75	85	92	99	100
89bed2ca	john-backhouse/a-hacker-s-revenge	2022-10-04	2022-10-10	A Hacker's Revenge	John Backhouse	9022	1182	416	201	245	161	98	43	68	79	87	93	98	100
7cf0019c	john-bookworm/great-speeches	2022-10-04	2022-10-10	Great Speeches	John Bookworm	5000	1834	353	233	337	345	282	188	42	56	71	84	93	98
5a96a810	john-bookworm/the-adventures-in-the-grasslands	2022-10-04	2022-10-10	The Adventures in The Grasslands	John Bookworm	2693	411	200	72	67	33	25	9	62	78	87	91	94	98
592acfa	john-briley/cry-freedom	2022-10-04	2022-10-10	Cry Freedom	John Briley	13691	1797	462	321	401	322	163	77	61	76	86	94	97	99
54765613	john-buchan/greenmantle	2022-10-04	2022-10-10	Greenmantle	John Buchan	46162	6125	494	474	847	1242	1317	1108	55	68	78	88	94	98
e34b2e9	john-buchan/mr-standfast	2022-10-04	2022-10-10	Mr. Standfast	John Buchan	59344	7117	496	486	896	1390	1645	1368	54	67	78	87	94	98
7842ae24	john-buchan/the-thirty-nine-steps	2022-10-04	2022-10-10	The Thirty-Nine Steps	John Buchan	19226	3823	481	432	636	817	689	485	56	68	79	89	95	99
e89b4855	john-bunyan/the-pilgrim-s-progress	2022-10-04	2022-10-10	The Pilgrim’s Progress	John Bunyan	76412	5897	493	456	829	1201	1339	1088	56	67	79	89	96	99
37b19ef1	john-escott/agatha-christie-woman-of-mystery	2022-10-04	2022-10-10	Agatha Christie, Woman of Mystery	John Escott	2768	636	298	102	74	74	45	28	69	80	87	94	97	99
fd32ee17	john-escott/forrest-gump	2022-10-04	2022-10-10	Forrest Gump	John Escott	4180	702	319	133	112	68	31	26	68	79	88	92	97	100
de975ad5	john-escott/great-crimes	2022-10-04	2022-10-10	Great Crimes	John Escott	3840	985	363	152	163	136	76	56	53	67	79	88	94	97
70e35a5	john-escott/hush-money	2022-10-04	2022-10-10	Hush Money	John Escott	952	277	166	38	24	20	14	11	61	79	86	90	97	100
d87fa945	john-escott/joey-s-luck	2022-10-04	2022-10-10	Joey's Luck	John Escott	847	269	169	35	23	27	7	7	73	83	89	96	97	98